species	alanine	arginine	asparagine	aspartate	glutamate	glutamine	glycine	histidine	isoleucine	leucine	lysine	methionine	phenylalanine	proline	serine	threonine	tryptophan	tyrosine	valine	acetylglycine	dimethylglycine	asymmetric dimethylarginine / symmetric dimethylarginine	N-monomethylarginine	2-aminoadipate	citrulline	creatine	cystathionine	hippurate	hydroxyproline	kynurenic acid	kynurenine	methionine sulfoxide	ornithine	orotate	phosphocreatine	pipecolic acid	quinolinate	salicylurate	sarcosine	betaine	aminoisobutyric acid	GABA	5-adenosylhomocysteine	glutathione oxidized	glutathione reduced	adenosine	guanosine	inosine	xanthosine	cytidine	uridine	AMP	ADP	adenylosuccinate	GMP	GDP	IMP	NAD	NADP	cAMP	CMP	UMP	UDP	dCMP	dTMP	dUMP	UDP-galactose/UDP-glucose	UDP-glucuronate	gentisate	malondialdehyde	anthranilic acid	4-hydroxybenzaldehyde	4-hydroxyphenylpyruvate	hydroxyphenylacetate	thymine	uracil	nicotinate	4-pyridoxate	niacinamide	1-methylnicotinamide	flavin mononucleotide	thiamine	histamine	1-methylhistamine	adenine	guanine	xanthine	hypoxanthine	urate	5-HIAA	indole-3-propionate	indoxylsulfate	serotonin	fructose/glucose/galactose	erythrose-4-phosphate	alpha-glycerophosphate	pentose monophosphate	hexose diphosphate	hexose monophosphate	lactose	sucrose	glycerol	glucuronate	6-phosphogluconate	3-phosphoglycerate	carnitine	N-carbamoyl-beta-alanine	pantothenate	putrescine	phosphoenolpyruvate	trimethylamine-N-oxide	inositol	allantoin	creatinine	pyroglutamic acid	DHAP/glyceraldehyde 3P	phosphoethanolamine	pyruvate	alpha-ketoglutarate	taurine	adipate	malate	oxalate	suberate	succinate	aconitate	citrate	isocitrate	propionate	2-hydroxyglutarate	alpha-hydroxybutyrate	lactate	mevalonate 5-phosphate	beta-hydroxybutyrate	fumarate/maleate/alpha-ketoisovalerate	3-methyladipate/pimelate	butyrobetaine	sorbitol	cholate	glycocholate	taurocholate	glycodeoxycholate/glycochenodeoxycholate	taurodeoxycholate/taurochenodeoxycholate	chenodeoxycholate/deoxycholate	C16:0 CE	C16:1 CE	C18:0 CE	C18:1 CE	C18:2 CE	C18:3 CE	C20:3 CE	C20:4 CE	C14:0 SM	C16:0 SM	C16:1 SM	C18:0 SM	C18:1 SM	C18:2 SM	C22:0 SM	C22:1 SM	C24:0 SM	C24:1 SM	C2 carnitine	C3 carnitine	C3-DC carnitine	C4 carnitine	C5 carnitine	C6 carnitine	C7 carnitine	C8 carnitine	C12 carnitine	C14 carnitine	C16 carnitine	C18 carnitine	C18:1 carnitine	C18:2 carnitine	choline	phosphocholine	cotinine	alpha-glycerophosphocholine	C14:0 LPC	C16:1 LPC	C16:0 LPC	C18:2 LPC	C18:1 LPC	C18:0 LPC	C20:5 LPC	C20:4 LPC	C20:3 LPC	C22:6 LPC	C32:0 PC	C32:1 PC	C32:2 PC	C34:1 PC	C34:2 PC	C34:3 PC	C34:4 PC	C36:1 PC	C36:2 PC	C36:4 PC-A	C36:4 PC-B	C38:2 PC	C38:4 PC	C38:5 PC	C38:6 PC	C40:6 PC	C16:0 LPE	C18:0 LPE	C18:1 LPE	C18:2 LPE	C20:4 LPE	C22:6 LPE	C34:1 DAG	C34:2 DAG	C36:1 DAG	C36:2 DAG	C44:0 TAG	C44:1 TAG	C46:0 TAG	C46:1 TAG	C46:2 TAG	C48:0 TAG	C48:1 TAG	C48:2 TAG	C48:3 TAG	C48:4 TAG	C50:0 TAG	C50:1 TAG	C50:2 TAG	C50:3 TAG	C50:4 TAG	C50:5 TAG	C52:1 TAG	C52:2 TAG	C52:3 TAG	C52:4 TAG	C52:5 TAG	C52:6 TAG	C54:1 TAG	C54:2 TAG	C54:3 TAG	C54:4 TAG	C54:5 TAG	C54:6 TAG	C54:7 TAG	C54:8 TAG	C54:10 TAG	C56:1 TAG	C56:2 TAG	C56:3 TAG	C56:4 TAG	C56:5 TAG	C56:6 TAG	C56:7 TAG	C56:8 TAG	C56:9 TAG	C56:10 TAG	C58:10 TAG	C58:6 TAG	C58:8 TAG	C58:9 TAG	C60:12 TAG
Oryctolagus_cuniculus	5.92295899523	4.5385649343	5.1905179602	5.33621723427	6.16703401827	6.39882262283	4.4918900548	6.15580299263	6.1576882064	6.5093464537	5.97519915983	5.19403658013	6.4101472792	6.82639461147	5.40862649457	5.46050482683	5.01471582043	4.96403808043	6.28249216913	3.04403257057	5.70773156243	5.24190504873	4.55534765477	6.21061144393	3.93042859197	6.6569245067	5.99787190673	5.9061828603	5.2696934417	3.99994907253	5.89111616503	4.00583324827	5.7619955838	6.05475668387	None	4.11676045463	5.22240302217	None	4.1672889105	7.13553784633	3.87868311723	4.74114551953	4.57098328395	7.20253804337	6.0563547141	5.15693327027	6.62121079383	7.84312012623	5.7952915643	4.32213802697	7.57913240223	7.66576664497	6.20791312803	6.1166637022	6.87858564347	4.71503962313	6.47692063323	4.978759445	5.46479049237	4.1892814999	5.7785273882	7.24259398443	5.1226460347	4.362616371	4.28624187823	4.65438516017	6.8570547394	None	4.9979861858	5.21508461547	4.38965651983	4.51112385233	4.12139401983	5.03459776833	5.57832226393	7.77522100777	5.71486680173	7.43562765083	6.8182900484	2.42975228	4.0824044843	5.7226834953	5.0215444878	3.00842979335	6.16244586243	5.10901469133	7.93165948023	7.86229947327	6.18804012103	None	None	None	2.2505252825	8.35771596163	6.5577559457	7.80517283217	7.1761368841	7.0579637599	8.3774685542	7.32090478087	7.01554764873	3.334210781	6.9573646342	6.09018568913	6.71659607997	6.52940059927	3.05693688663	7.09625903643	5.05559843047	5.71154750157	4.17663597983	5.42679372263	5.28602500593	5.3807917416	3.59102071627	6.6881160427	5.1594434612	5.3122175045	5.66803188317	4.8610151327	5.66296075013	7.90019204473	5.71153820367	None	6.40400766323	4.6068767227	6.1106457064	4.06421131797	None	6.287983329	5.78519016733	7.6990844959	4.60533810263	5.5163342037	6.91748262	4.95385604727	5.81811770923	6.94610083253	4.57781728953	6.65210634053	5.01580104297	7.54329367673	5.68143741867	None	7.02746262287	7.0586157597	7.5594728013	8.07135343377	8.13439279023	7.2201397283	7.26283383917	7.2535045306	7.09638844293	8.35450625787	7.06319991147	8.12984137373	7.35857075553	6.13674951705	9.3636845892	9.13935646823	8.4445292312	8.3503864089	5.32406499193	4.92677470747	4.62713503547	4.8436010318	5.02024314763	4.28052529647	None	2.91761661787	None	None	2.8582566892	3.025874953	2.53235999225	2.89773281367	7.00648638537	5.76298244493	3.12687793453	6.3198087123	None	7.0800544937	8.58012839847	8.22732755367	7.71731218483	8.55931099463	None	7.9175587892	None	6.83990458127	8.30739787227	8.32824593027	7.88084957263	9.16161572283	9.26110872233	8.74045547137	7.4744176661	8.68269208877	9.21343757767	8.77779761207	8.92841754863	8.2383526783	8.8412110443	8.60252592303	8.51574539967	7.6525951765	7.8821604531	8.20153810927	7.77439857097	7.77418625443	7.57943948583	8.10198952383	7.85348856713	7.84865564467	7.77930224963	7.86304403273	None	7.47285288873	7.75169963107	7.7672102422	7.60582873067	7.69411020107	8.2734674129	8.1234928395	7.79584863343	7.82732646367	7.29180874613	8.5528156316	8.54145646397	8.13593395953	7.8129825117	7.63998200603	7.9054123234	8.59640770283	8.58959193247	8.38377265113	7.88222921537	7.19566399627	7.1466723981	7.73528204653	8.15409434363	8.22652298603	8.16401543013	7.94551269303	7.43894434643	6.92457718893	None	6.5415677624	6.91379008473	7.07904241437	7.5905910188	7.89086386837	7.88125392297	7.57263180443	7.38152665733	6.88956949245	None	6.9277597739	7.65548997263	7.45379986863	7.12112732873	6.8668030455
Fukomys_damarensis	6.0242056258	3.0629578341	5.6054720504	5.4898600844	5.9292431286	6.6089798801	4.3543773878	5.9203925889	6.3141919765	6.5337368611	5.7983716131	5.4375777617	6.4638816464	6.6338401737	5.5543461888	5.5074267603	4.7473651906	5.0536161744	6.5038990389	4.3597596164	5.4061397637	5.3169971707	4.5358129375	5.023511724	4.3096940296	5.621378836	6.0265161049	6.621933766	None	2.1205739312	5.0465107721	4.3774701736	5.508553958	6.6162232663	None	None	5.6585036362	None	None	7.1996057806	None	4.8397984649	None	7.0305792817	7.6435180329	3.888853167	5.9506072516	7.6957041866	4.9587931531	6.525015637	7.508505519	6.404202334	5.6533244508	4.5182111443	5.2001443325	4.7825012895	None	5.4833062339	5.3006128727	3.8789811234	5.2286697841	5.9800870391	4.8341281081	4.7433058964	3.7590631882	4.2061509816	5.6212635475	None	4.810346791	5.4609414203	3.3085644136	4.2166935992	None	4.8474801149	6.0400236865	8.0529827959	5.4214821757	7.4772480502	6.9553172637	5.8565845042	4.0348689964	5.2285799942	3.0806264869	3.7380667148	5.849046387	4.0101302772	8.2996924609	7.6106242897	7.249277771	2.7041505168	None	None	None	8.3434815491	6.7217577055	6.1367253222	6.7890682103	7.7569264029	8.003679606	7.7665570327	7.4263502986	2.9556877503	7.1771906003	4.6878587927	6.784356281	6.2003311128	None	7.0897222102	5.8058486981	6.0192235002	4.9311373713	5.5592780585	3.3632358045	4.6370191558	None	6.9232106938	4.9379138923	None	None	6.1113969493	5.380553114	7.8740520072	5.7686085061	None	6.3866619515	None	5.1948555383	4.3734269622	None	6.4813624988	5.5505414216	7.8627674709	4.7312260302	5.890710452	6.9678459367	5.1580034476	6.171629933	7.0840997582	4.4212089341	6.1278230587	5.2909423398	7.5082502262	6.8161812903	None	7.3456828617	7.0283585671	7.9158805911	8.528439911	8.1476848709	7.4265900291	7.9063366691	7.6729313927	7.0988262987	8.5679312375	7.0636012476	7.8077200441	7.4324170815	None	9.3371426123	9.2688805007	8.9022470334	8.5397901493	4.3723227295	4.4534406593	3.789721694	3.7848311781	3.6321534835	None	None	1.9637878273	None	None	2.3873898263	None	2.6454222693	2.1172712957	6.8418662479	5.8208927578	3.1146109842	5.0179469017	None	None	8.6142073704	8.3143844416	7.9326290074	8.9396561591	7.0706981942	8.397371364	None	8.0229224804	8.345727175	8.2987525376	7.5849290759	9.1066883651	9.1741135007	8.6340823028	7.5171458258	8.8024419652	9.2185570435	8.3366655167	9.1120823321	8.2858017345	9.1056994918	8.9751623272	8.9793186163	8.5172741801	7.9130514894	8.5144352465	8.0707548214	7.9074160907	8.3602428699	8.5747111277	7.6783470493	7.2091135087	7.7877898537	7.698143094	None	7.4652404777	7.364359601	7.5727648734	7.3372715856	7.6125264133	8.3170755058	7.8149370369	7.6873979308	8.3456490154	7.7726804897	8.8081570137	8.5625814423	8.0595435845	7.8260783808	7.5196680495	8.6115590489	8.9069389807	8.666785664	8.2100290141	7.750986203	7.1028139414	7.9363408498	8.4543235783	8.6390343018	8.3707248338	8.1548143066	7.7640210219	7.5158299619	7.1336941728	None	6.8981464497	7.2563425661	7.342630954	7.6255252751	7.6368796478	7.7230606539	7.5219549006	7.3526957053	None	None	6.8382114058	6.9427444385	7.0428308561	6.9889117781	None
Sus_scrofa	6.22458691683	5.6223113754	5.8671042725	5.91093569847	6.29095737087	6.4269236407	4.72422773597	6.38585068757	6.75626217157	6.97642651237	6.48331975113	5.8847890064	6.88798194893	6.98569345663	5.97839444867	5.81041311417	5.40492633843	5.52863376177	6.7927045156	3.83756600647	5.2805144227	5.73995538303	5.07584756617	6.15490736223	4.35936648207	6.5169159301	6.04648609837	5.86649586653	5.24828564045	2.22022450387	5.29284034587	4.6923470989	6.21519712513	6.24968517423	None	4.01862595513	5.7733744726	None	3.52407129445	6.8977011351	3.4003710454	4.23263209857	4.7483891323	4.4350318368	5.40859914523	4.75136307423	7.41315762263	7.86867661717	4.2506717602	6.37862627327	7.9017105088	6.0866301382	5.00592802667	4.5168222462	5.91172944827	4.7832397477	5.62023587513	5.74355125593	6.012786338	4.3319171739	5.54356708007	6.04086553013	4.487237389	4.93271058073	4.76805698707	4.8560515959	6.3192607444	None	4.68635715717	4.93677891117	3.5797281166	4.28321043043	4.0744622343	5.36855939263	6.21153344813	7.81783794853	4.95842599927	7.6011231154	6.95231619477	4.95842098467	4.25737879173	5.18020974507	5.915296696	5.7340060151	5.34612927997	7.04860920793	8.02688062217	7.82859424653	6.98515157787	2.4523577726	None	None	2.1613680022	8.35431989727	6.65717087997	7.7719889031	6.5840285674	6.26124616623	7.4458766295	7.97996653703	7.67464524223	3.77318847303	7.0740846778	5.89458951793	6.8053072014	6.06006738913	3.42999562493	7.47966289293	5.3520524697	6.65725703493	3.87521548893	5.51414232403	5.70814148063	5.59795771873	4.28997048165	5.66254905197	5.47905157317	5.3227696879	5.45985129667	5.88365260007	5.10584695357	7.8892628194	5.76474367777	None	6.48174760257	4.51035325793	5.3526496306	4.34228364547	None	5.76480712487	5.6174559599	7.7587291952	4.69505403137	4.3725351963	6.87386997143	4.8770761212	5.4733930067	7.15918188867	3.2685779719	7.18235643263	6.48780629203	7.70699229963	7.46908300283	None	7.33910738523	7.0623207685	7.71794552783	8.21426967453	8.4894102968	7.26713193857	7.12771309807	7.62275323753	7.48641526607	8.71293601027	7.66800068587	8.24039718957	7.22731355603	6.2721884391	9.31956800757	9.08334840313	8.71245599393	8.5362918182	4.53152225597	3.1811054779	3.27693653653	3.63881749097	3.59126044103	3.1318675664	None	2.4166405073	None	None	2.6875289612	2.8615344109	2.3856062736	None	7.17616088183	7.02932959777	3.2698405145	6.5099446788	None	None	8.44031864637	7.87434332157	7.4995385823	8.6638304303	6.63599798927	7.97693857823	None	7.4485775981	8.54830042047	8.41589626757	7.67005855463	9.1524926962	9.16424519753	8.4471461601	7.32668347477	8.7520810473	9.1655641055	8.34053049797	9.03508743363	8.1110974456	9.06101214813	8.94656173213	8.75752994603	8.21050068373	7.843373981	8.43512864937	7.46306260963	7.3299454664	7.85213127693	8.2537520986	7.7642901749	7.48811694617	7.74284768087	7.6734318988	None	6.9360293648	7.3830564483	7.36386545293	7.3272448845	7.51567419	7.95075072127	7.700132776	7.5032971687	8.06809051733	7.44279463723	8.50840839027	8.4034505099	7.9606543091	7.6815170486	7.560603079	8.42332551633	8.77848174177	8.6309377751	8.33639481023	7.79570940313	7.16532154937	7.78232483127	8.24307540513	8.4491996477	8.43089079553	8.3813088384	8.07138833203	7.5484104694	7.39221227253	None	6.79355475627	7.3232530466	7.55000977677	7.97092996193	8.02593435817	8.0184368216	7.81883062887	7.7680413102	7.1459580089	None	7.17064715173	7.6902164208	7.5121324883	7.29110985333	6.78949522663
Meriones_unguiculatus	6.1634046477	5.1009272254	5.39674156147	5.03496086733	5.70752260617	6.49006413907	4.2487963459	6.3052874959	6.49859832987	6.80558794907	6.36960554027	5.6036340261	6.81684437023	6.64540434553	5.58818910633	5.50697669953	5.26788195643	5.30853005837	6.47131601537	2.98837801457	5.6414224966	5.24182181987	4.61756083727	5.76117375257	4.96758569133	6.0443695394	5.158265329	5.55920223407	4.90778641943	2.29699273383	5.69452276583	3.70873286533	6.1593413807	6.40627874663	None	4.10309764213	5.57717714643	None	4.22430451863	7.0865004641	4.37878461417	4.32626183303	4.42135013233	7.25445920397	6.47795480063	4.62987714237	5.88267678627	7.86051294737	6.14258167037	6.4035734054	7.4281855732	5.59512607163	5.77614884263	4.12647665337	5.1597598631	4.52848890007	4.11679964605	5.47284881087	5.3574373588	4.53798544247	5.78287518087	5.5023226476	3.8887409607	4.52182620527	4.5427552185	4.48156155153	5.33301328183	None	4.84621356187	5.23318212023	3.69213390337	4.7020127019	3.89926715983	4.87234208567	6.28374405387	7.80561162967	5.35248176307	7.55932814823	6.86337997547	4.20497760727	4.39012864847	6.23847019697	4.79697960733	4.2271921988	5.57800855273	5.06796305433	7.95802475363	7.87752952477	6.5916134579	2.92268467623	None	None	1.7993405495	8.36904876483	6.3488727425	6.15605438597	6.2339171527	6.3986857123	7.16553077837	8.22134868617	8.02029941	4.11895171743	6.50668380067	4.77997399293	6.9953052138	6.4704789776	6.34582259997	7.63831075167	5.07278881447	6.3569652002	3.7572588001	5.02712072877	5.5738659908	4.71737464637	3.9500849219	5.61472890823	4.95068031647	5.59049953	5.54492364127	6.09681062927	5.78696601597	7.8222150868	5.8064341695	None	7.4464524712	5.22525258243	6.18319653377	4.5832219242	None	5.8885729079	6.03646800523	7.92998230727	4.8762544265	5.6755504782	6.84589780817	4.82641180247	5.35614450063	7.44478907973	5.21867113507	7.36975635313	7.2727056237	6.2030044631	6.45077297963	None	7.48153391257	7.84876399473	8.27680125067	8.8452617173	8.84169413627	7.9342779444	7.2665561222	7.5103525978	7.20357887807	8.58951697767	7.40748708253	7.96195193803	7.0466172339	6.08221983247	9.32262503047	9.07903111777	8.67267672597	8.57143778867	5.81671295373	4.85309163783	4.98144723803	4.16643422033	4.326526575	2.82879711367	None	2.25327280935	None	None	3.2148741709	3.22124029143	3.2640698317	3.0359598005	6.92043556763	5.72795194147	3.02167619023	6.10188733323	None	7.8830392863	9.0111632541	9.1651942327	8.44442668457	9.08137264347	7.66363013047	9.00493872557	None	8.94176981513	8.40748766283	8.25985572943	8.0727440974	9.11893572107	9.19188834043	8.5374363284	7.77416253673	8.74962579623	9.16590308557	8.40988343963	9.0143751443	8.11463236187	9.0164419727	8.75321178043	8.98782580773	8.3212476285	8.31397657673	8.6325077529	8.06960124173	8.50160333497	8.72467349383	8.7150855284	7.90639934173	7.7410363871	7.80559005317	8.35953483213	None	7.2012300664	7.1977278027	6.8022740058	None	7.13231734857	7.02387039413	7.1248994056	8.0587039751	7.9916088733	6.99711343737	7.9753067997	7.9263031422	7.5157461642	7.2458085495	7.2317740809	7.85167646817	8.63069843133	8.5767084261	8.168787851	7.5184344866	6.75663664673	7.2055542188	7.8371040971	8.48450271283	8.4868646963	8.1824604169	7.7735587075	7.09952740483	6.99762191275	None	6.3402023101	6.82690489903	7.0328354646	7.40466926873	7.24687240957	7.3253704715	7.30864760947	7.4746168357	7.01730843833	None	6.9635695925	6.3633731463	6.95674011883	7.0431867203	6.75573438143
Tamias_sibiricus	5.9694413838	4.5280529292	5.2551267774	5.38411726205	6.21746145495	6.5824232813	4.4599360698	6.08234281095	6.17065383775	6.53770933935	6.0344993628	5.34581534915	6.1975397193	6.52185734475	5.4752939465	5.3479498109	4.8581846582	5.1428060539	6.29815665155	3.0622615676	5.7432446149	5.46849476075	4.872199116	5.3899513446	4.11632056195	5.82360934895	5.70863999065	5.7448757129	4.750176569	3.2075843683	5.0926795125	3.9055280246	5.9206543504	5.76222435595	None	4.07704055975	5.0105158739	None	4.2713303711	7.16103725155	3.71595322695	4.62220349555	4.706179914	4.33244816685	5.6529388072	4.72357721085	6.65417484015	7.9317043789	4.9923985609	4.64784994665	7.84625453365	6.1575026707	5.94998326715	4.5519550041	5.87773178805	4.1072438976	4.61284024335	5.4473400676	5.32143809475	4.17872315745	5.42521072295	5.48253836655	4.5398924664	4.42079758355	3.60428731715	4.2393314693	4.8704818807	None	4.6068664724	5.05938831625	3.34714382655	4.40177848295	3.8224296238	4.4206763209	5.38435552235	7.78414588725	4.60690674205	7.205114439	6.8669086307	None	4.43911007285	5.55426202125	3.3553904991	4.03978874465	5.28820686355	4.64670789565	8.0211034417	7.78840958145	6.8118064854	2.61496884295	None	None	3.52809326445	8.3388816464	6.23139312625	7.0542640941	6.01596809085	5.7392374505	7.55744110125	7.6364239474	7.28866314635	3.1825267366	7.12305832705	5.5542071338	6.99838491085	6.47512014565	2.8473412	7.03726253485	5.14331700055	6.5185868754	4.02548371365	5.41873736185	5.59486880415	4.7141920872	4.5142687584	5.39229494285	5.37914961005	5.30947414835	5.72389092305	6.2635360348	5.28718396265	7.8644568621	5.6750918105	None	5.9897537775	5.23326892675	6.7267605263	4.3722994666	None	5.7015278534	5.45545164605	7.78848149555	4.8463538006	5.67790697385	6.94389135425	4.63870595415	5.9706189902	7.16344715735	3.4888326344	4.45771437365	7.4852233771	4.15311439575	7.6817897373	None	7.2635059295	6.7261190316	7.50087589465	8.3012404348	8.18079595525	6.49432677595	6.87645087945	7.49812287265	7.06853135715	8.5080696228	7.24306380125	8.18161346095	6.99617886005	6.2861745584	9.2029393903	9.10264319225	8.44185437485	8.3838340476	5.61829120815	4.5503007211	4.31099513785	4.3652565375	4.5348535309	3.0544123555	None	2.511883361	None	None	2.98854156015	2.8041324753	3.2401995345	2.9076433966	7.0400913197	6.11802189705	3.3669483552	5.7557298545	None	7.3619772291	8.76094610795	8.11469919215	8.0198994465	8.72815352505	6.4732575446	8.18967162955	None	7.9610137762	8.45861872975	8.38751246795	7.9141912487	9.14935238675	9.134875531	8.4894616766	7.56795161825	8.7739443301	9.08385753635	8.18845859565	9.04602908615	7.96997960505	9.0187097557	8.8696519185	8.9645432376	8.13335623405	8.14956656765	8.3427007845	8.09076023385	7.3882341807	7.90644806175	8.3486011291	7.92845946185	7.69455361605	7.6930143698	7.9951034706	None	None	6.8986845468	6.9609011707	7.3739112947	6.65612163675	7.589275887	7.69407423365	7.5817937587	7.67565843	6.9994971744	8.10704053275	8.43444030465	8.25921408825	7.89903496785	7.415839109	8.25458283925	8.95762619795	8.91775174365	8.69839020805	8.14038589805	7.4387408873	7.60868733555	8.4338354074	8.7810549491	8.74275069835	8.654590561	8.29079305025	7.4334298219	7.36152674335	None	6.9938320297	7.4684125719	7.92679737335	8.07489628405	8.0137166068	8.09836187765	8.03417109595	7.9051992374	7.41747865215	None	7.43725369025	7.3373148433	7.50964799195	7.5228042917	6.9999715927
Canis_familiaris	6.10140189893	4.11245183413	5.4990558151	5.45501186903	6.03551868263	6.6314540576	4.23440117107	6.22174088073	6.50290981143	6.83951592617	6.40265445237	5.6571862747	6.83423430233	6.65288629127	5.86982770903	5.74263560447	5.1289969739	5.34947587893	6.61968953113	2.9341752498	5.492050845	5.68927030687	4.8516483656	5.9246507394	4.1400829378	5.85221073567	5.71570164347	5.46069937807	4.1810929687	4.25294860367	5.14435828347	4.39656234427	6.05237020037	6.11325422513	None	3.5449067523	6.25809544277	None	3.50452894915	7.3245189571	3.751056857	5.24311385713	3.88301965167	6.52992426733	6.25252400103	4.31299428303	5.57751086443	7.37324525823	5.61483076703	5.50514589363	7.3586167582	6.35460749633	5.03668376927	4.3358370743	6.04603715467	4.77438772727	4.9815286789	4.39754794227	5.18426314743	4.2424925478	5.23587656957	5.46449816117	None	4.70587147273	4.4993033641	4.6302244108	6.0086253531	None	4.6496634535	5.39831950167	4.22550931157	4.39959438487	3.8887409607	4.79034593723	6.33216976817	7.92444871797	4.35667601327	5.8879093185	6.89203175923	4.83985099593	4.18690410593	5.26101766383	6.1256765392	4.67567363283	5.86545850217	3.0899051114	8.01083730467	7.7811384153	5.90159050883	3.0310042814	None	None	2.1303337685	8.35525124853	5.83181482443	7.7002514294	6.06141148733	6.10046652233	7.3802776668	8.22073326947	7.9862982398	3.8727965282	7.42906774407	5.8715507197	6.6489239815	6.28372196603	None	7.2163962998	5.6501970181	6.37575991167	4.0145810688	5.33627503377	5.4027662391	5.25304477717	3.89959206487	5.62463350743	5.22690765853	5.1572131021	None	6.07583241503	5.71903894457	7.9178205115	5.72829471393	None	6.50665016043	5.41759032873	6.93024190167	4.71041389717	None	5.8600018889	5.88413327123	7.73725186493	4.46717453933	5.50947286267	7.02083954127	5.0822194019	5.66296642073	6.7477366517	4.008178274	4.71170286263	7.4061470251	4.6412831762	7.41404975507	None	7.2967741921	7.07626176787	7.59488670713	8.21143473637	8.56792842937	7.01158131713	7.4252257567	8.23781932357	7.28086905263	8.7364691612	7.60350772623	8.37650706413	7.43220715777	6.03138133983	9.2634324602	9.08698622247	8.6162133689	8.61326320517	4.95883709237	4.385012333	4.31334777067	4.48108442107	4.10059432477	3.14131472083	None	2.82962523435	None	None	3.22077379183	3.04606883743	2.81842098427	2.82062334447	7.1092712631	5.47629137843	3.36581555427	6.2680522228	None	7.49149459217	8.76792143857	8.46541002367	7.89977100357	9.02378120587	6.90180895377	8.66074989353	None	8.20892518897	8.36830757783	8.20717936807	7.74192334363	9.01579362533	9.1413424833	8.4714926568	7.44207723747	8.6972692884	9.1127527801	8.15665333007	9.08887427767	8.0138547808	9.22642616563	8.88246166083	8.8242203617	8.3807685584	8.361487285	8.77606957863	7.8196060236	7.70006234233	8.39348718847	8.64870882917	7.6593766397	7.65551077983	7.7180673637	7.84320514753	None	None	7.13519694965	7.137274453	7.55687411795	7.27484489297	7.5243265468	7.5462085113	7.5495847183	7.99679802797	7.32010158697	8.18504694447	8.18284068963	7.876391843	7.72194976123	7.6478784215	8.2531100939	8.7173271156	8.69022055217	8.3601696256	7.85900166923	7.48416585123	7.71194198683	8.27564820313	8.57640846603	8.48351514037	8.34461770253	8.18116961303	7.7385071181	7.40951982607	None	6.79041952257	7.36149403833	7.5638833214	7.88047426277	7.96944088127	8.07782431147	7.98776858087	7.90098940477	7.45546542163	None	7.50654285817	7.27144745927	7.5901636139	7.34928657147	7.0151950481
Macaca_mulatta	6.0887945552	5.28338435625	5.4492520882	5.17320200255	6.72062781145	6.38578435025	4.61096886285	6.26460262275	6.3682909111	6.6169640879	6.22550752955	5.51183574415	6.33685044335	6.9382138393	5.92992540515	5.74042247495	4.94370976175	5.21287553065	6.51367690195	3.5753685824	5.055213506	5.53920698745	4.77876492155	6.2406221939	3.8568913033	6.69040156555	5.89772321755	5.51582668485	None	2.4023150187	4.7765900668	3.75540972695	5.9618550899	6.412026508	None	4.16582879185	5.33172575685	None	3.8358547726	6.61745286225	None	4.56705113925	4.1442025124	6.2896015621	6.5919236969	4.24186672885	6.8645003199	7.8214476136	5.7446313264	4.5411634904	7.9118016562	6.58201884365	5.5263805533	5.00212064525	5.7638586708	4.4620506216	5.01167161825	5.84049662645	5.68262696925	4.3426978733	5.7679631935	6.26628277085	4.91023569775	4.2887183567	4.01651172055	4.5912425948	6.1330888748	None	4.96624312005	5.21175933505	3.19482938665	4.20572525175	4.243625732	4.85307804235	5.5396044493	7.91475677745	4.5562212926	7.2620896143	6.7760894393	4.83864434905	4.1544379154	5.48090765215	3.02344727355	2.2869577202	5.1942918721	6.5152561287	8.23083640495	7.7514829378	7.6426442928	2.0043213738	None	None	None	8.22655649315	6.71347619255	7.7258678753	6.7852857362	6.3517950888	7.253609194	7.4526546005	7.06726903865	3.64348327235	6.6078314345	5.31175614485	7.38656568825	6.28342255935	4.55036008325	6.94083621085	4.34334464105	6.9741778773	3.71319334035	5.56065126025	4.8482604562	5.15427546555	3.9861892997	5.72518758835	5.4032887479	5.41577940215	5.5228483436	5.79065236655	4.9556644407	7.76189154555	5.65684416115	None	6.87596363455	4.2049606141	5.2628344181	4.0531014341	None	5.3109755401	5.64251392165	7.64484081455	5.389419336	5.4087968728	6.77016018955	4.84311924415	5.74851676275	6.87958997865	3.45306188515	5.92847016815	6.3606743742	6.14615967	6.81424418995	None	6.986315795	7.2372480476	7.64902152595	8.52693251315	8.58130400295	7.67827039775	8.24114392825	7.98224418265	7.49099465935	8.6059236079	7.2581537779	8.18684080485	7.2834735338	5.723977497	9.33145878785	9.2085970599	8.8022166209	8.64725046055	5.21807046255	5.095006826	4.06700366165	4.34451810045	4.31282501195	3.89304931925	None	2.57393087425	None	None	3.49400954875	3.25240398625	3.2415464806	3.4412236742	7.05007668465	5.6446138131	3.23005634925	6.4466587194	None	7.1237903772	8.53995304085	7.74646457895	7.63681757525	8.6495501176	None	7.62571789395	None	7.12732907135	8.49187546715	8.4041230016	8.10116959945	9.1146470829	9.25332131265	8.66656977745	7.68918683645	8.76483486555	9.19249988905	8.46612270115	9.07142031015	8.3310152997	9.0398956508	8.89284992235	8.911151111	8.28875965785	8.08154686595	8.5171759391	7.70779294605	7.21816361805	7.5330658868	8.2347151806	7.59266622975	7.66566085035	7.51265291345	7.71046273955	None	7.381037298	7.7029913705	7.3264408129	7.4785565718	7.52971879305	7.93265732915	7.9774471843	7.75618373705	8.22850215995	7.51585446175	8.54202767695	8.62661958945	8.33858170735	7.9587881268	7.59018457515	8.1419415497	8.73824464275	8.8420930485	8.79221107495	8.31567539505	7.53584676745	7.35258057355	8.0121298065	8.40021975905	8.51450565635	8.4938863744	8.3384412595	7.93348516845	7.5731921442	None	6.7146990046	6.95211845595	7.1344072988	7.76266430135	7.9408576607	8.03379928335	8.09604430745	7.8745311822	7.37274324375	None	7.2591326706	7.50328239545	7.43372852415	7.2583648128	6.7293506982
Peromyscus_leucopus	6.0082681698	4.39305161023	5.35998179615	5.2532824799	6.19305491382	6.38087532505	4.55421554533	6.16187884835	6.33365360555	6.64408684462	6.22447455515	5.46959596795	6.60779933085	6.63282077705	5.61999466095	5.5245135826	4.98420707723	4.97337360065	6.42609229843	3.0516023496	5.17632519495	5.40728424225	4.70241451055	5.35644154772	4.54116229943	5.6689790482	6.11529105487	5.7640989382	5.31010701478	4.01002987303	5.64103982413	4.37599387065	6.05526342117	6.23701063455	None	4.56132039035	4.64990201297	None	3.58053760777	6.97223695575	3.79424445943	5.49785749077	3.92646135207	4.5532950284	4.984653308	4.24919082937	5.88896312133	7.53382355365	5.19536591947	4.5352185576	6.3613478446	6.1708580581	5.73296036347	4.26500136137	5.415269658	4.74518157622	4.614342627	5.42591022318	5.40545386515	4.38046860165	5.22348663383	5.35464738353	4.339178041	4.96762579215	4.56587865883	4.39960414335	5.58906090003	None	4.63552482948	7.12321613747	4.8192820851	6.34654356728	4.11635478978	5.34046737138	6.26881109845	8.01274500188	5.23995223202	7.3832626482	6.83944210408	4.63169039562	4.26690729202	5.91999391202	3.88409955825	3.8457301734	5.55152397815	4.1039981713	7.95769543738	7.73494898638	5.0179652186	2.2773172531	None	None	2.10860849	8.3207819825	6.02319042112	5.67792773523	6.35872787253	5.8296790789	7.17864939483	8.0918209014	7.75730384165	3.45963482345	7.06517566073	4.87437279712	7.21755771625	6.4030820202	3.04255165865	7.39996814857	4.82382305857	6.90789334117	4.31455846072	4.73851649505	5.71288669925	4.3553982047	4.8091678192	5.7665237651	4.85069221345	5.39766663298	6.03427330068	5.67025037188	5.1104917746	7.86665444395	5.72346227208	None	6.53074948333	4.73856373703	5.28790126908	4.2388691571	None	5.38894307347	5.54788438838	7.62010529023	5.12454613278	5.60786679073	6.93022168998	4.99869326428	5.37337705217	6.8736834925	4.47777212295	6.70593311235	7.62793724228	6.2405093538	7.48491795382	None	7.46723568238	7.34586897443	7.72447313775	8.1915593358	8.46639926022	7.2245000162	7.14416534365	6.98808937208	6.88524098917	8.223763027	7.06639145238	7.80366835915	6.79293800527	6.25534158605	9.23021920375	8.85314213365	8.54955329742	8.32080237055	4.96410006425	5.01877790658	4.64230640975	4.54067094475	4.66087843085	3.43968700683	None	2.6083336148	None	None	3.31664009537	3.1349592214	3.24987445828	3.0822183988	6.87037439233	6.32015755708	3.31434185383	5.5369182453	None	7.53154476693	8.9029645369	8.2585987241	8.09327915733	8.92867590025	7.53727206315	8.05514930117	None	8.3238892515	8.30749736518	8.30621529815	7.99024314085	9.06152251157	9.1219003904	8.51337327338	7.5404640763	8.6321885116	9.08624075077	8.59379291255	8.84746718122	8.13651160313	8.88932507682	8.82228367878	9.05673424753	8.3082892774	8.31312861463	8.38731281677	8.01504287798	7.64311653005	7.8960308517	8.51850098432	7.84464980865	7.76718310437	7.67653416382	7.94012634042	None	7.14504167565	7.4975112625	7.1030022985	7.5539734595	7.37967933878	7.71078167683	7.71301595985	7.70192976773	7.94259858005	7.38555308363	8.38128577123	8.49005698242	8.20388862835	7.72511389942	7.44271734257	8.19819244837	8.89265813833	8.8931941917	8.67361658088	7.98435423807	7.23262053373	7.2984727516	7.95979966587	8.35274750225	8.35974165035	8.2279694843	8.05439987895	7.61480157937	7.4692322418	None	None	6.85490222205	6.93136681047	7.2993571176	7.29199240227	7.42265317722	7.83962323082	7.84565119273	7.33775255735	None	7.26393319995	6.9180979737	7.34898288515	7.2858042677	6.98196178607
Heterocephalus_glaber	6.00291980895	3.9817158144	5.57017997978	5.50412569825	6.33603544858	6.51473330175	4.64434766445	6.23041906857	6.25137208755	6.5537977151	6.25101331185	5.41740936407	6.45029595855	6.78496153188	5.7446533037	5.58430403915	4.8721196	5.1358811937	6.43139769747	3.3503391808	5.2912553595	5.16206114917	4.57557058255	5.9427330972	4.44986699368	5.91297006585	5.82726515095	6.18209789593	4.80119282435	2.82374708505	4.823978048	3.9725784372	5.94393914385	5.90799167728	None	4.0192540466	4.96662467375	None	3.88421557955	7.06753831725	4.30199065358	4.96439915585	3.89461332305	4.7307592797	5.84975475362	4.39275879353	6.77075837633	7.91119290635	4.88582619218	6.1681331766	7.98858987115	6.02922110838	4.63652069232	4.27680603932	5.6515659688	4.11191047023	4.8961824582	5.27843016527	5.58726878155	4.1377977432	5.4477366645	5.64085067315	4.8721842053	4.83282788645	3.87123004673	4.3888464263	6.24599404558	None	4.72284442872	5.90212631288	3.02634297618	4.4711750626	4.06768327685	4.8970723906	6.26394420075	7.82053920527	4.88524746383	7.60941207652	6.86925111785	3.5351514993	4.34668732773	5.35454207458	3.19621703815	4.27172153365	5.17077656585	4.7926736484	7.98016906807	7.78320996595	7.11862616975	2.62003034985	None	None	2.2695129442	8.38079911575	6.37940684867	7.62384645265	6.34107110983	6.16419244112	7.56992727415	8.28600142853	8.1350286864	2.98278623368	7.27452723402	5.15001127482	6.72208048598	6.1893732371	2.6443916894	6.74210869435	5.16144370367	6.60385222393	4.22857440485	4.5644788727	2.99887252585	4.59677430475	4.24709263935	6.07984957912	5.74824790027	5.0844024489	5.47269925213	5.9195652461	5.08937219738	7.88678905727	5.77732628413	None	6.41876582623	4.7986092163	5.39463224327	4.57324574475	None	6.13896196025	5.5131102501	7.62487968223	5.03852809865	5.56032200288	6.93803612713	5.32243676138	5.7992140923	6.78414113493	3.4099331233	5.84703689382	5.5621643953	7.690285707	7.47262756765	None	7.76829866765	7.17286208792	7.58998214935	8.0657069886	8.48734047675	7.32586395082	7.38254204812	7.71494331705	7.63370554092	8.79518796197	7.76730595805	7.69186173555	7.72406927777	6.1227725194	9.32140953135	9.1857567061	8.6415782508	8.57415498752	4.29780676702	4.59850458095	3.92338930925	3.31289702858	3.3329731059	3.27646852505	None	2.2695129442	None	None	2.82896400445	2.628805693	2.3944516808	2.6053050461	6.95869456195	6.18216203995	3.00834589745	5.9991440044	None	7.06726766662	8.71824007652	7.94642425322	7.89082771975	8.94526495262	6.49721695327	8.03969851338	None	7.6222740778	8.3450789296	8.43355171575	7.88537621005	9.00427360275	9.10586905562	8.40924552445	7.69451526757	8.7603017061	9.17440411427	8.31600729875	9.04948522385	8.14688722175	9.15780600467	9.0369194998	8.79908909995	8.23889451947	8.08249475462	8.4096234199	7.92869998257	7.3718233287	7.82057612645	8.5433579861	7.59712288395	7.36868258303	7.50500626955	7.45971004352	None	7.3811083258	8.03794001835	7.946785579	7.60986697235	8.1460893793	8.54246914327	8.22687384637	7.88107597863	7.92311706507	7.95186507645	8.80685349155	8.68138076265	8.3159751178	8.02575926825	7.60347336297	8.43559396208	8.79603758253	8.67327839525	8.41761214112	7.97568386748	7.3891046983	7.68339761958	8.1658047017	8.43071097485	8.36497871595	8.33341704445	7.95801674515	7.56308383668	7.31728954883	None	6.9779075225	7.38764570672	7.5375976878	7.8660554825	8.00212220545	7.9969271423	7.72638926902	7.55728503635	7.26030179957	None	6.94838363702	7.7006990053	7.34219255695	7.03319010163	6.9282609337
Meles_meles	6.21714273805	4.55343688005	5.5011558115	5.6549102568	5.69787905385	6.40794169945	4.15206309405	6.198827391	6.61263598065	6.85399801555	6.3029510119	5.81763517135	6.77650256125	6.77819437945	5.7415740512	5.73597719675	5.311097588	5.3290869875	6.6940247929	2.6532125138	5.8298690648	5.48133274875	4.6358081599	5.9175034216	4.2297686949	6.02702548825	6.0185639485	5.32130658085	5.57921009065	3.62089044825	5.5697504028	4.1029171148	5.9818374829	6.21771016515	None	3.4727353266	4.23754666375	None	4.6354837468	7.19353999555	4.13791574795	4.31854196245	3.7589118924	7.30293209715	6.9948611847	3.9721932326	5.52042300085	6.8225663889	5.55552422805	6.6948931279	6.87785859835	6.197709695	5.31972235695	4.4354439238	5.52870248555	4.6852344163	None	5.8174462893	5.4200611797	4.55681970275	5.3473869716	5.80291702195	4.34854829835	4.7426661814	5.1755039336	4.70936813465	6.8822367222	None	4.86111385835	4.8142057815	3.8205624989	4.5718616874	4.03814368385	4.8943211835	6.33534882595	8.04592108555	4.3021576959	7.7136389929	6.7670658728	3.20571312515	4.1919964664	5.54743026875	5.845877457	4.3753643341	4.83552960415	3.3641756328	8.0097229798	6.6816514905	7.5388994704	2.96829708	None	None	3.2700554479	8.26988806435	6.384524333	7.7491841656	6.3421869168	5.82436218645	7.07799443065	7.3740206647	6.94994823345	3.99879526675	6.8486190033	6.15092053075	6.64425268275	6.42721393515	2.7634279936	7.21094049365	5.9002105591	6.47542106825	3.6403820447	5.40735672745	5.740280581	5.2185912002	3.4395595283	5.0220768336	5.2748392792	5.24927698515	None	6.3157547041	5.274701039	7.9700668878	5.7969768412	None	6.44892379035	4.726413446	5.56565650215	4.2916486738	None	5.7580363023	6.22810636295	7.8886024074	4.61887350135	5.44222932455	7.012520929	4.7783588387	5.69352492175	6.77785332655	4.6548588492	5.0164369777	7.6741181293	5.0158077631	7.6470154953	None	7.32957595125	7.1875206099	7.60411651995	8.2491384112	8.74909519145	7.2362188551	7.17327081765	7.84281777125	7.49386158515	8.72521387315	7.4704197786	8.18244428215	7.12391078245	6.0890181968	9.32319182545	9.02395364495	8.4389156546	8.48216551055	5.52243811675	4.7624812223	3.7402934785	5.02795105365	4.88313689225	4.0066475967	None	2.765848005	None	None	3.35093106755	3.27251809285	2.9700379953	2.74963041255	7.1083849312	6.15882984615	3.0646638071	6.2902875513	None	7.275047166	8.5984058662	8.3825002841	7.7592514543	8.72921464	None	8.30316170055	None	7.6879108188	8.3416246275	8.3869844141	8.2358702458	9.1799934781	9.23790864925	8.73357434905	7.8504797387	8.62848629615	9.1638507718	8.12097304125	9.0121821306	8.0028466491	9.09692954565	8.8273368774	8.62027043045	7.92483519895	7.74382317295	8.2024995862	7.675417565	7.81599166655	8.0484847626	8.28686978215	7.6719813202	7.5491046281	7.642422733	7.6236283622	None	7.1791838063	7.55084596155	7.2361447225	None	7.46803752375	7.51366395465	7.31919907225	7.45692868835	7.51353751085	7.41919175965	8.0340384338	7.8285077109	7.45700167925	7.4607728716	7.2565547227	7.9486529695	8.2893024067	8.1730465629	7.709580704	7.2750644759	6.77443571675	7.3507459463	7.56869019575	7.97762234095	7.94686080135	7.68481533015	7.50141029485	7.02503285565	7.01726394255	None	6.62781490155	6.91354841835	6.9091909398	7.26533563785	7.35184162685	7.40283036105	7.2388273645	7.15934788225	None	None	6.7911711496	7.07977586305	6.75215189095	6.7300842781	None
Erinaceus_europaeus	5.769167036	4.1439114669	3.494154594	5.50809041255	5.8902376202	6.50965581595	4.0295603445	5.9872647684	6.10289076035	6.47772254565	5.95347462545	5.31219949785	6.43666315645	6.42307106495	5.4294224073	5.38210760535	4.8854337858	4.98141100485	6.26883766865	2.6748611407	5.63339401205	5.3466301769	4.44636082815	5.1513833458	3.9843237225	6.3934679038	5.04969369005	5.14344317365	5.13163147665	2.68356143395	4.97407802675	4.0739870262	5.64885565735	6.4643253601	None	3.5383223332	6.2742816475	None	4.4024333462	7.2742531004	3.628082261	4.4758656183	4.3609907986	6.62322647795	6.9026836492	4.3664960076	7.6320900841	7.8830769773	4.2005224264	6.08580962605	7.80581010995	6.10685176265	6.0413642576	4.6162014467	5.44800423505	4.1162792739	5.16610764545	5.35274403275	5.38495546075	4.4683030101	5.53168155575	5.90064695505	None	4.369269557	3.6596839034	4.2846337332	6.9384204051	None	4.25360014695	4.8275954092	4.0881736522	4.62321775375	None	4.9639559269	5.7313056567	7.6639361481	4.3850697763	7.43000785185	6.85069230495	5.13012373325	4.35869973845	5.34389029745	4.91454343415	4.58773112555	6.2549415599	5.4566741684	7.7045213636	7.81938992915	4.60674501515	3.0080304676	None	None	2.0863598307	8.2827373242	6.27776368405	7.6539522877	6.4016043388	5.99435840295	7.0848047765	7.8600995008	7.4987101233	3.9105298595	6.87440412215	6.22377557775	6.74802120875	6.33414517905	2.6170003411	7.18207403105	5.41276751265	6.521768704	4.05649928505	5.1184434197	4.9933945403	4.7464807131	3.73809356285	6.0692544718	5.24791436265	5.164215835	5.4283389293	6.1719190831	5.0565093086	7.82764674695	5.7413306379	None	6.20979584845	4.544738304	5.36043603635	4.59207019685	None	5.73092821675	6.1736429013	7.73393735015	4.8301298799	5.6268263676	6.89973713535	4.59140864395	6.2848820329	6.75027490775	4.92038921275	4.5016813042	7.5310285474	4.6159815973	7.0416340231	None	7.76374739155	7.6150841807	7.86063385185	8.5326106354	8.24786194885	6.79868585145	7.11073175535	7.40523912505	7.6449448278	8.72155655155	7.85656897325	8.1732542199	7.6365060536	6.4160482431	9.1276697441	9.11864603645	8.4067217944	8.41240028045	5.30511024705	4.9500411283	3.3833085034	3.8079422357	3.6414181424	2.7197610814	None	None	None	None	2.9896649034	3.20061270445	2.787256389	None	6.8701517106	5.6618080353	3.05535174365	5.4915716005	None	7.7333203892	8.9455606363	8.49708531915	8.38152792675	8.46039150985	6.43329843105	8.42023090005	None	8.09044987155	8.44023654195	8.4699909774	8.14703966605	9.2399533375	9.20094848025	8.6087307621	7.87053713975	8.70046715995	9.00268934605	8.2991856485	9.04400818635	7.7390827964	8.81623933845	8.87814883435	8.86687752055	7.7384651641	8.5153668547	8.38509159415	8.67164513715	8.07041017625	8.29023671265	8.0902677609	8.42857950095	8.0414431609	8.09028285445	8.44871244365	None	7.4223434154	7.1879163334	7.51455252205	7.5143473682	7.21744070875	8.09562845225	8.27659911195	7.91814156865	7.8773702239	7.3818311198	8.53268040545	8.64321815205	8.61559447095	8.23410055895	7.88075430875	8.5581857672	9.0025566913	8.98109685915	8.8751150449	8.4674258684	7.92817528055	7.77117314285	8.5627074576	8.79974062925	8.7877175949	8.86602681775	8.70890960015	8.2664648622	8.0307876162	None	6.697750894	7.5592168213	8.007571434	8.31028288145	8.41851139115	8.48561607525	8.7096575539	8.6624513261	7.967935418	None	7.8610151859	8.0903172348	8.2919007244	8.33323862135	7.61490619995
Rattus_norvegicus	6.06097162637	3.85484687223	5.38174463177	5.3188745917	5.84761088167	6.5357762798	4.31486106023	6.0469969011	6.24687920227	6.63004886147	6.11101353643	5.36655401713	6.56903340513	6.60867719133	5.60970163563	5.60805633283	4.87973640383	4.99880582923	6.40553349457	2.89146731125	5.8809533436	5.17177379403	4.3744587169	5.3922529586	4.3870228795	5.87758949687	5.12016378873	5.89762272007	4.7826875682	3.3834931259	6.1959678617	4.08150177283	5.80079459553	6.7525161816	None	3.92012410107	6.3147241567	None	4.4837441566	7.32032583557	3.6808791744	4.97696769437	3.7409939316	7.19986033533	5.874764819	3.81419062387	5.32092486987	7.48790134797	5.98599456807	6.72476684243	5.928875634	5.777985333	5.36981267617	3.9553010193	5.217142081	4.45350013157	4.83911436187	5.25463581877	5.35159980383	3.99196470713	4.79586390007	4.79208673203	None	4.93055210537	4.41207536427	4.41494105847	4.11434034293	None	4.8225660828	5.3932495699	5.26875153497	4.90432581773	4.70158622353	4.98586200163	6.24971214883	7.87755066463	4.42272585333	7.57416911847	6.75703689717	5.58891003117	3.79433721333	6.13478526367	4.77812453697	2.5983919689	4.9311896717	4.62851519137	8.076754845	7.7938622857	6.26060760553	2.383815366	None	None	2.0413926852	8.35382739317	6.05606735633	6.83202527863	5.92080822167	5.70719835603	7.23152898183	8.27099933123	8.04937891987	3.63977044553	6.4106011664	5.1329838149	6.85445934477	6.06232577713	2.6473829701	7.45115466067	4.97871175397	6.7991725091	3.80905655383	4.93803277583	5.55276511033	4.70680509107	4.00067793123	5.9237797832	4.98472818567	6.2567221796	5.9354307351	5.6531316109	5.6363580743	7.8911010328	5.85585182243	None	6.4937603726	5.04221953307	5.6908669085	4.44762805053	None	5.58708132463	5.1636981188	7.83099687153	4.64284521137	5.8723242327	6.8735951136	4.9130639599	5.27156327113	7.5464949785	3.9873469591	6.66563734877	7.51184213423	5.83236417623	7.25306103627	None	7.4111357348	7.05392382463	7.64411140907	8.42680343647	8.53906675477	7.2435271652	7.34420278697	8.2950428838	6.88612607763	8.50151420843	7.31818806147	7.98474284683	6.55798663417	6.0195487072	9.18177678203	8.99589326047	8.74762839473	8.53113838933	5.58547878843	4.7407279208	3.87939737443	4.23913369473	3.9641918518	2.99462254075	None	2.4688968133	None	None	3.10522097747	3.10902063403	2.89148243233	2.69407452757	6.53716164497	5.91816754383	3.09028807003	5.34172459467	None	7.46317755627	8.9014890267	8.1543160604	7.9981438345	8.98639898647	6.33894936315	8.38672242173	None	8.10912951117	8.4046597122	7.95109138817	8.0322823986	8.92414742037	9.12668002217	8.3996255624	8.0275914356	8.41691633387	9.03069180853	8.3754375533	9.12213873323	8.0429186832	9.14839455413	8.9065979721	9.0672298761	8.280492994	8.17646140447	8.4380689325	7.7436597073	7.71814745537	8.19709003627	8.58340756897	7.55016620343	7.77098178993	7.47582479077	7.7403315442	None	6.9550242593	7.1306486934	None	7.06129299137	7.11351621877	7.10342121957	7.27350105083	7.20720198203	7.99157953477	7.03291858993	8.06193954937	8.2249850337	8.05737742127	7.88326779037	7.4834699483	7.9357743204	8.7970655912	8.90699714703	8.87439898063	8.22126257867	7.45320327363	7.38136103953	8.00382993567	8.48380689177	8.64721272687	8.72247816083	8.5840374767	7.8082291664	7.44350310697	None	6.7967000245	7.27406547993	7.57255893527	7.9893809527	8.2582659949	8.43453850567	8.50170309023	8.27019944953	7.55765442687	None	7.73858960337	7.6953801371	7.95492736443	7.8771736913	7.08795933377
Ursus_americanus	5.94612177057	5.09842064823	5.40507925817	5.4026590904	6.39726829693	6.53252092037	4.4375698554	6.12510889907	6.36786199517	6.6552554961	6.0979007116	5.55514985943	6.59128282307	6.76954932083	5.57292156047	5.43511158143	4.963986633	5.1622217325	6.44564935037	2.85610759495	5.6166994771	5.5819937608	4.73650272227	5.80600536957	4.06503923183	6.28005508007	5.8367485279	6.39586716487	5.35515436635	2.2499809328	4.91374276997	4.35892654437	5.85625890533	5.90809681173	None	3.8021240457	6.07114247537	None	3.85002623975	6.86288679317	3.83161227473	4.21158205633	4.1538782308	4.6073031406	5.31566242297	4.3560215543	6.65163103917	7.906169931	5.18745164357	5.29785425313	7.81105752837	6.27288607903	6.04019550543	4.5515451172	5.66303170087	4.6578494562	4.86122350205	5.6707938154	5.58768965237	4.2436643047	5.24943671117	6.24132839807	4.64041584455	4.70666615977	4.1921010862	4.58072721407	6.00361699987	None	4.7343937687	4.9121484399	3.30476808537	4.7127371616	3.99699434475	5.17071133107	5.9612565524	7.85544255677	4.592456927	7.47673620677	6.92314006367	4.67093711093	4.11997723757	4.90102699377	5.00388467603	4.31627130197	5.74085622283	4.2389765361	8.1741941712	7.82434200657	6.65277509097	2.8755263287	None	None	2.99637172625	8.2560847175	6.48714807793	7.74601550663	6.70539355363	6.619200232	7.90079564573	6.33981451003	6.3526120088	3.50328472843	7.0322375645	5.39609237807	6.72998642247	6.43164616137	3.0725703666	6.58368693627	5.85253991633	6.14520987527	3.52217327883	5.298655992	5.36822096377	5.4694349351	4.0747904201	5.52711295473	5.30585800817	5.27567975857	5.4174161207	6.3902662082	5.34260520083	7.84986893203	5.6967804897	None	6.47992271297	5.38160616517	6.73612329573	4.8778486061	None	5.81225753473	5.86026141363	7.76434028183	4.65707587867	5.3834050621	6.8780834511	4.96704149483	6.22109826107	7.03849812763	4.0374277627	4.7318558884	7.63466406467	4.53049483097	7.82088834757	None	6.972596702	7.251458859	7.39707725367	7.93783867603	8.1952596118	7.08670977723	7.11278474887	7.46046754597	7.28245845927	8.59683790787	7.36723824447	8.32059503413	7.44619516253	None	9.3201238282	9.1903563372	8.6451613685	8.60764349487	5.6309031426	5.44274188907	4.25407922107	5.11651717947	5.00772023353	3.87095765533	None	3.25689775743	None	None	3.13338498353	3.03978812427	3.16800400177	3.02700054533	7.01799590073	6.13041065403	3.24423792173	5.8453096743	None	7.378095299	8.4069756957	8.27625504163	7.75764621557	8.6247347777	7.60833906273	8.23949960153	None	7.7178079161	8.30042333247	8.46476827603	8.00746332223	9.12184444537	9.16589464033	8.7528034423	7.84648759767	8.84703587803	9.16773000237	8.55901377823	9.03040419973	8.17412560413	9.03679032263	8.97732868297	8.79285685223	8.3770072979	7.85596493423	8.3063285331	7.83675108597	7.7848397788	8.1864605606	8.1916464384	7.7024605358	7.4603436717	7.66565958503	7.7390442791	None	None	7.2310015011	7.1348782629	7.42517300585	7.23017092447	7.42388046577	7.4458822718	7.4673729998	7.97673470273	7.27104985403	8.04829191187	8.05263943387	7.73031597207	7.52715282763	7.4365551465	8.02787341943	8.63778348363	8.46563184663	8.03573184277	7.60338214913	7.05430425047	7.45207703323	7.9592110112	8.24171251477	8.03283884147	7.8690799216	7.6047643296	7.35455840123	7.15107958213	None	6.50661079747	7.0880454652	7.13915652357	7.46019514693	7.5017662562	7.61674955803	7.4470962318	7.41418754337	7.1531332481	None	6.85513950673	7.04008453317	6.940945965	6.84530229063	6.63589384375
Chlorocebus_aethiops	5.971094855	4.113441954	5.6402498177	5.6846595803	6.2633088636	6.3250380052	4.57863921	5.9927915856	6.2627554638	6.5765930989	6.0802403559	5.4212929002	6.3310537844	6.5565224876	5.4660842949	5.4555528683	4.873122886	5.0897885778	6.5037857819	3.4737788346	5.5138406187	5.2915641946	4.4760776952	6.3011865306	4.2490760037	6.9832966755	5.5636104052	6.5978315944	None	4.0047941104	5.5219809999	3.6011905326	5.6314498572	6.6787291019	None	4.6620586215	7.3560572515	None	None	7.1804728852	4.209595432	4.1681142868	None	3.8874485002	4.6111389004	4.6172205796	7.5934516213	7.7499140617	4.3807537708	4.3008127941	7.7945259673	6.599808319	5.5262875726	4.3418893557	5.4401310614	4.4760776952	4.8624295561	5.8165786588	5.5663078327	4.0022956826	5.3739578341	5.8143688083	4.6026133641	4.5414169772	3.7850449583	4.5743091273	6.5578350246	None	4.8401500238	5.4992456922	3.1920095927	4.375809878	4.19578899	4.7576465111	5.7670452368	7.9987845476	None	7.3389539539	6.8395270677	5.046651217	4.0969447552	4.625003601	3.0806264869	2.6009728957	5.7979658677	5.3426299083	8.114454263	7.8032102829	7.4683280969	2.709269961	None	None	1.9493900066	8.2993565769	6.0825602685	7.826406043	6.4206977084	5.8523762873	7.1846994922	7.4672258174	7.1645566289	3.2208922492	7.2318206307	5.3521458428	6.7671157013	6.6868117388	4.7973229497	7.4486825026	5.3741487158	6.4947513388	4.6888556776	5.862647096	5.0318647387	5.7723679214	3.6994908453	4.4618135536	5.2295257037	5.1724540548	None	6.0694668099	5.9761077705	7.8391295292	5.8347880771	None	6.5288365154	5.1754828208	5.3898922554	4.4467235196	None	5.7482888337	6.0178339577	7.6846053925	4.6301226429	6.5564483268	6.7690418	5.114777732	5.4474541812	7.5806171901	5.3281144602	7.9872293827	7.8950763594	7.8599398067	7.4301831801	None	7.2959911821	6.4096665503	7.9043866009	8.3443921479	8.1203097373	6.7936660134	7.627752524	7.1142970914	7.352094357	8.607712222	7.4602865151	8.1527149637	6.6985753989	None	9.2952467364	9.114150405	8.5378375793	8.5570835113	5.9111661347	6.5763464189	5.1515261314	6.1614231092	5.8349976839	5.379401614	None	3.6769678143	None	None	4.4879157314	4.6152238681	4.1865890913	4.0154854982	7.2027815984	6.2376234018	3.1169396466	6.1321594315	None	7.2832598104	9.0005070038	8.4692431472	8.0222397318	8.6764361704	6.7733552998	8.1831601313	None	7.6302125357	8.4184948755	8.007898006	7.70115705	9.0764121231	9.2871527451	8.4721352551	7.3404162715	8.6442606824	9.1573636638	8.5446177216	9.0971920752	8.0694566617	8.9299510186	8.8779717627	8.8767968241	8.0738562545	8.3677043277	8.5321772131	8.1668345328	7.7496216374	8.0761102919	8.2974368729	8.138666008	7.9647440062	7.8729901332	8.2664319247	None	7.7159006626	8.0463205608	7.9626566138	7.9928675587	8.301440067	8.3201372261	8.3577533426	7.9882372503	8.021841756	8.5886661965	8.9557706123	8.9243754086	8.6000761723	8.1577403723	7.8397686258	8.9504947396	8.9947946567	8.9279997006	8.9743000606	8.4462811452	7.5212305577	8.4160915967	8.6539137537	8.7298107046	8.6745173354	8.8169654254	8.6762792743	7.7786611167	7.7651410696	None	7.3648437593	7.8286100529	7.9395636931	8.160215327	8.0808818628	8.3549138193	8.113626479	8.3359682868	7.5364312034	None	7.6290649629	7.2348049463	7.615410329	7.8024504283	7.0549071952
Murina_leucogaster	5.94976379423	3.44470368063	4.91194459183	5.49120901463	5.82809592107	6.17096588127	4.10706235653	5.59919433713	5.96127486493	6.38627757047	5.86383353957	5.197536494	6.3555538249	5.81377683397	5.38476949967	5.17376787367	4.10290136433	4.77282774797	6.17228713593	3.2110511782	4.88686164307	4.61114612123	3.98242556053	5.17246536293	3.45558866235	6.5017255192	3.84274344813	5.55468626517	3.0464951643	2.30982504163	5.85544614067	3.18703537413	5.48638484693	6.1552420461	None	3.04644870675	4.51029555305	None	None	7.079383279	3.6104472214	4.89567422027	4.17114640765	4.34896969405	4.7657029024	5.02714558557	7.3996485087	7.82572561403	4.26270924907	4.6290310217	6.4698913899	7.37515574977	6.80449620227	5.89995553527	6.6438672056	5.22400191867	6.79408115393	5.6112995494	5.16664645387	4.48111416483	6.00947947747	7.0617066407	5.8086678344	4.42988741753	3.80935500917	4.53008620563	6.26983638367	None	4.35349140347	5.84903776607	4.5904739637	5.121534666	4.0390462044	4.9349332001	5.31206327707	7.62250030143	None	7.02216732123	6.8523847719	4.99880310483	4.27366368447	5.71901739447	4.75462111917	4.31537862773	5.44239391417	6.44229332653	7.6601207698	7.59092961353	5.94754036417	2.93191901553	None	None	2.2823566981	7.98147592327	5.99462419147	7.63152255693	6.26527150807	5.88351657177	6.90382061493	7.44449014233	7.14609582117	3.61175458827	6.5109770774	4.96334318303	6.67041041377	6.60402118873	2.8905184693	7.46068259947	5.5976950468	6.46389104543	3.4952247048	4.85999021337	5.3496523951	4.6949471802	3.6533915301	5.05085123157	4.94724925393	5.31346374137	5.63176133665	6.1942163137	5.7171283755	7.8086384448	5.7498091329	None	5.9772415894	5.68401053733	5.20150371983	5.0478269864	None	6.67513751093	6.12054710557	7.49017109733	4.69673046183	5.9812649451	6.8158261671	5.3117556455	4.538234552	6.7614320659	3.73786420635	4.22301992927	7.6855135564	None	6.59831290487	None	7.16207775117	7.521356791	6.94381553507	7.70692091417	7.8690059063	7.36496520813	6.77317496817	6.94908918533	8.0813920729	8.61588989697	7.94647725443	7.90223044083	7.5219310719	6.23183363107	9.08950902737	9.0236874976	8.063639882	8.0972230054	6.41490972127	5.1692972574	4.2275465556	4.656745508	4.35653870193	4.12316817307	None	2.85600552867	None	None	4.1007974845	3.83704400553	4.25876653043	4.11741184007	6.85067461563	5.61984522373	3.1647401999	5.1835063681	None	7.89315038023	8.63012864937	8.12615118803	8.0973463316	8.45511944903	7.37506129217	8.08567097467	None	7.7062271522	7.88453844293	8.73971918043	8.23201455463	9.1118566138	9.09003727457	8.9038192041	8.27154259487	8.516706683	8.98075755173	8.33639788213	8.87210928153	7.58319034403	8.85022383513	8.9882109802	8.90378619843	None	7.7288115736	8.34527586527	8.4045900078	7.95665533237	8.4357557336	8.05742138627	7.5560359431	7.5912687482	7.42440762637	7.75358028087	None	7.4238503679	6.92861503445	7.28019528637	7.51711106875	6.68769258913	7.2701562582	7.530776251	7.59564253177	7.67285484277	6.7100648685	7.61597332027	7.96048216537	7.85093972763	7.6882536613	7.73212274803	7.30333585123	8.15265092407	8.21689667737	8.02278343173	7.96686559223	7.6602354271	6.83637545377	7.26138182647	7.9245566096	7.9628486818	7.95809824707	7.93757606783	7.55128578367	7.52848847043	None	6.4107436691	6.8786905975	None	6.90686232113	7.20916048243	7.70716409663	7.69318256663	7.68657627377	7.4485758821	None	7.22343468293	7.11700348003	7.16460698987	7.2089786492	6.7119325506
Capra_hircus	5.89195893893	4.9993567381	5.32235768047	5.3966816868	6.7012630691	6.25681141273	4.72466820173	6.0260290224	6.29127256907	6.5683307322	5.9540717415	5.41762585527	6.32820499567	6.52375072173	5.85373367753	5.3771185622	4.9362426934	5.08555148277	6.4890464025	3.67431031587	4.7762506747	5.68287710433	4.7806980437	5.95874702773	3.8993644454	6.5635202229	5.77445981187	6.0528585055	5.0332538732	1.9731278536	4.66605901543	3.7866265451	5.94423131647	6.12083708213	None	3.66714164453	5.08483993513	None	3.47729703067	6.9584322726	4.47759075197	4.5925622133	4.10521928163	4.47593659063	5.36914529567	4.410080348	7.3683318166	7.86675250113	5.55532287963	5.7452040413	7.6282470191	6.09181423177	5.07152756173	4.26923735623	5.6456019008	4.3524510736	5.19362868315	5.32249243057	5.75723545367	4.30520088653	5.45563625363	5.52660295477	5.6263160787	4.64351045727	4.8350494886	4.67733751913	6.24827163393	None	4.77659884063	4.97299884843	3.54913161083	4.23867798905	None	4.84883792507	5.732060581	7.30137549243	4.80650806467	7.42823475667	6.9034302636	2.7003259722	4.47839592807	5.14018827943	4.56311221717	4.65850208803	6.0364669757	4.41046545683	7.7690762655	7.68720112847	7.5419212621	2.4968242876	None	None	4.03224648257	8.31258381003	6.2468487282	7.67100676603	6.658477384	6.05283162633	7.14170473553	6.96069048463	6.60490966887	3.69018043213	7.11698376207	5.00498176213	6.9429232259	6.2504291165	4.12021748277	7.04921669797	5.2699012294	6.6086189276	4.77442963797	5.67179042823	5.04014112513	5.29958295693	3.7097689178	5.36860893487	5.7451960186	5.3041127287	5.5653560625	5.790499923	5.55215838737	7.6904921857	5.68812711793	None	6.52745181567	4.8561369854	5.65162199947	5.1818553953	None	6.10645178053	5.99299203253	7.74784622917	4.89094702837	5.88387401737	6.68101767827	4.8878609252	5.3167599755	6.85912321453	5.012018894	6.1923680926	7.82930847297	5.80911831247	7.87040392877	None	7.669904048	7.50847842447	8.09839185563	8.47935685383	8.3667159708	7.69994888763	6.80280361173	7.17022743667	7.2776592671	8.64138727753	7.40802324983	8.18957579877	7.5247364173	5.9918880915	9.29853411463	9.09730431657	8.75324914393	8.47462029543	5.2706900236	5.43241207787	3.7231431968	4.25245212083	4.29366836947	3.908892355	None	2.61753685735	None	None	3.04904798927	3.7782334698	3.06847534743	2.7949401883	7.06688235177	5.43297777023	3.04810552893	6.57517772877	None	7.53702483977	8.74906141493	8.3601882354	8.21337752933	8.82645081783	7.37526392197	8.3101016972	None	7.89255388597	8.72580473033	8.5747621186	8.02077439363	9.2167705062	9.11843480453	8.6549404838	7.64342415403	8.80522073037	9.13534916753	8.12697707637	8.92554250297	7.87536795483	9.0172018621	9.00087574263	8.6723326081	8.00021317395	8.16892547623	8.74683085767	8.32679472937	7.7075615705	8.00101975397	8.4513264592	7.8377958085	7.35431172497	7.82572399803	7.707376811	None	7.60404903785	7.83085277677	7.82785539877	7.59810870207	7.94406238307	8.2670755317	8.00833132513	7.7918338448	8.0891421563	7.9055254565	8.62538348783	8.52472194523	8.14000981883	7.7895912	7.58327696173	8.59750612303	8.7759251312	8.59680983003	8.2483171002	7.81808518973	7.3319726117	8.1950439526	8.36981988103	8.47260288033	8.35118610587	8.26167802093	7.90971783153	7.4677636578	7.39468188407	None	7.40366960367	7.64488394523	7.36271445103	7.75576141567	7.93401594453	7.98254270543	7.7911580705	7.66177174787	7.36320374665	None	6.91275237253	7.540328092	7.18119434737	7.09311041667	6.7302991976
Felis_catus	6.03733209083	4.53367621307	5.48848625043	5.74859846487	4.54614112273	6.4827080902	4.00211698927	6.16942103997	6.35875636593	6.69270305983	6.14721708093	5.57243584677	6.66461640733	6.53948725643	5.56450320337	5.57956911847	5.0255797902	5.23149571123	6.48841961987	None	5.6325545139	5.58708688637	4.69945242677	5.62517441163	3.76940767847	6.736019582	5.8097832997	5.9281384064	4.517987977	2.8704804535	4.8835431634	4.2102110411	5.89380818303	6.28101087097	None	4.4142580982	4.1477664502	None	3.7231783042	7.24921515957	3.8897905552	3.9085651069	4.05605735465	6.5265727858	7.2561795764	4.31311493867	5.8096027975	7.89481216767	5.40473133507	5.92230273103	7.20784899643	6.5390416442	5.71193401407	4.42089091617	6.120206698	4.75938253355	None	6.68332600373	5.97978495353	4.470826565	4.9762314418	5.5591030734	4.8250807198	4.71803089663	4.65252543047	4.59204821357	6.86247575227	None	4.79580000517	5.14986713383	4.29411174067	4.4682928115	4.28014604297	5.11302205397	6.04373991763	7.93559236723	4.51179287275	5.96151637327	6.46880436897	4.50930809493	4.50765993387	5.20775174267	3.6696486495	4.9826338899	4.82560540053	4.23648355853	8.08705811673	7.78845921817	6.7648476812	2.3876814166	None	None	3.16573601985	8.32092403347	6.4857695925	7.7695147418	6.27961613737	5.77783030117	6.95434460937	7.6835657533	7.3164213539	3.79343041187	6.91833238467	5.3405185252	7.32713646143	6.59221795473	4.34444285633	7.08012877623	5.52178141343	6.8691131632	4.5531865417	5.5275462873	5.65182473757	5.314297086	3.64087516935	4.7818482618	5.1973873936	5.3585029899	None	6.16592751983	5.52114903533	7.85689375417	5.70482668743	None	7.0846815737	5.26334081307	5.8608903362	4.37351629167	None	5.4876593152	6.34642704863	7.68584255677	5.31825281847	4.9790001674	6.91684779527	4.52239389537	5.7220354548	6.4125458838	4.39385133743	4.30943978585	7.5295303809	4.3437773494	7.353722962	None	7.25789774733	7.03291326843	7.8932900395	8.2803736909	8.41406990147	6.9542072897	6.97779794017	7.63406834967	7.68905602247	8.76189095727	7.73183740433	8.28683324767	7.4878602775	6.2956373892	9.30235501003	8.9601239734	8.60075920753	8.60157794267	5.1611511242	4.7217109828	4.05095098457	4.8608071728	4.9970980187	3.9464867578	None	3.55156855753	None	None	3.98363868043	4.01694180623	3.4402841917	3.58215586537	7.00397640517	5.8112572716	3.36073998123	6.35051413373	None	6.9175649383	8.38480845667	8.3164423974	7.58888861107	8.67441190347	6.98949387125	8.3024271555	None	8.17521714713	8.4429828413	7.7777863867	7.41051144453	9.03208903217	9.1582804875	8.20180384087	7.19471657457	8.76374461733	9.14940444913	8.17856551157	8.9353073029	7.9988381443	9.06144252483	8.7759495133	8.98613821143	8.5524003003	7.98715032883	8.35065229853	7.58029316783	7.56646150997	8.11762153797	8.26937716053	8.00030251573	7.99702175897	7.8823187466	7.95028811313	None	7.0844508685	7.14073586873	6.95896555717	7.42530235	7.3819134375	7.48655591793	7.564880287	7.5199876758	7.94129801823	7.65526890563	8.3331727415	8.4208095307	8.2179296815	7.87219740047	7.61295199253	8.3881926988	8.91888363963	8.9768964682	8.90625250663	8.31971846267	7.5973276708	7.8683238387	8.3226827067	8.65379571907	8.6878512116	8.72091553643	8.44847686803	7.9521620017	7.5752052211	None	6.8435885962	7.37080797837	7.52290846583	7.90737629203	7.91887501937	8.12059849197	8.2214056728	8.20398267227	7.60510384743	None	7.44842093743	7.38283733417	7.66224446567	7.61373052353	7.03975590857
Petaurus_breviceps	6.1499196393	4.72927475195	5.6581551813	4.9947118209	5.84985855815	6.7139548663	4.16514412305	6.3180487361	6.52921074235	6.86488742915	6.35897612715	5.72514001975	6.7289722564	6.65086841945	6.0112111237	5.8166714988	5.3859003252	5.3918264287	6.7045074192	3.0993628995	5.51130817465	5.6481906831	5.02756480305	4.72469210245	4.02588151575	6.1362487089	5.7058400736	5.16013480505	4.1141771402	2.643945633	4.53412726585	4.1915738812	6.12871744005	6.09179739775	None	3.5805310756	5.3284075139	None	4.0315873509	7.14677649245	4.15590251745	4.1128034908	4.09875021735	7.16728902035	7.53669483215	4.52974170625	7.00789885055	7.8937268508	4.1477072338	4.61564683275	7.13551161525	6.54257014085	4.387560011	4.3290108812	5.41266435725	4.3203582632	5.14242910045	5.93798175705	6.086121282	4.15121233105	5.5597600025	5.9764742851	None	4.6016193733	3.7584924518	4.4883794134	6.0563127378	None	5.15086812255	4.98537870745	3.13508719455	4.3127455133	4.23007279585	4.7760050123	5.5052756149	7.91380027805	4.5930235591	7.21210457835	6.79662991515	4.75163312265	4.6184888454	5.2885388711	3.55617138535	4.02839658115	6.42134241295	4.79744718575	8.18932267325	7.797658828	5.98703121065	2.3742180622	None	None	3.29475586845	8.2889539561	7.0089313533	6.5705682384	6.8498955564	5.94472680645	7.44404825545	7.8487670377	7.5459212444	3.5080057731	6.64895559945	5.2221696687	7.3029196389	6.05139874045	5.12849897855	7.35731747225	5.66127989205	7.05701686935	4.0370611601	4.92709833015	4.88668669735	4.85632447205	3.35619603925	5.969942997	4.9882622453	5.39714831325	5.4370398943	6.2960790468	5.05313875235	7.6020500112	5.67015288365	None	6.4537280249	None	5.38272325215	4.56497589025	None	5.62304695755	6.12187817715	7.7998746055	5.39199383965	4.662061709	6.5804675953	4.8092885491	5.79761331205	7.3875250515	None	4.13209571285	6.2420187078	None	7.68728521905	None	6.60354314475	6.5484756542	7.03762449985	8.0551330102	8.01402983405	6.5843573659	6.4568726195	6.93564895625	7.9055473864	8.5560895993	7.394247552	8.27441782365	7.14965157465	5.94102973205	9.31755079035	9.2336144228	8.3735388328	8.4702131663	4.26918025765	3.49174853095	3.10356448355	3.5586800673	3.72988711385	3.00228835775	None	2.3944516808	None	None	2.3891660844	2.5751878449	2.6633645031	None	6.79737612835	5.394506041	3.2293832661	4.9881608423	None	7.8382977974	8.8122749815	8.4343197459	8.4508006086	8.6501341959	7.4251195354	8.16002531885	None	7.7048214002	8.38867036165	8.60851434635	8.57810889565	9.14625195375	9.20583080085	8.7261577805	8.0565250598	8.78259559305	9.16948364235	8.67584237285	8.9187094923	7.78895917965	8.844725557	8.85440758085	8.81661727215	7.8949479009	8.22926103145	8.47307681275	8.4572386634	7.84484799345	7.9164188766	8.2157604306	8.1130734789	7.7932416276	7.74207326165	8.3059510618	None	7.5193886999	7.8576356727	7.95919351645	7.75346845415	7.8556789262	8.615242957	8.32300444725	7.80390328015	7.86991295765	7.62783251575	8.8239567167	8.84629391035	8.3704980394	7.8303267699	7.5775866679	8.62964891985	9.0212937965	8.90495772035	8.42509304905	7.76169253715	7.3095485765	7.8254999133	8.53850917265	8.78869559225	8.5464018394	8.1813265962	7.57006642715	7.16967385395	7.19838979715	None	6.88284914465	7.58253917285	7.7846913323	7.34785170075	7.1984516516	7.3624938147	7.4191816236	7.37031156	None	None	6.7871236343	6.4555575419	6.7383755279	6.71713700575	6.5705009093
Bos_taurus	6.0788516245	5.30457939677	5.55438358807	5.98442125547	6.64350879913	6.60294097217	4.69979886307	6.22725679097	6.18471009393	6.58522293693	6.0629370221	5.38346611143	6.40545264093	6.54944061623	5.62035148093	5.25617499957	4.90203906163	5.0389459527	6.41029385367	2.96910070947	4.81867901107	5.5116948025	4.70773530007	5.61006817803	3.7815715943	6.55090799517	5.9133662943	5.62211718103	4.9197107594	2.1090050215	5.12341655147	3.62196707207	5.8945990078	6.6572085738	None	3.482564883	4.63246378687	None	3.4427932259	6.89335198017	4.1846225541	4.48205523447	3.9891382242	3.8851277132	4.78360306225	4.0612022913	5.4533685521	6.83995879987	5.60300107023	5.83843894003	7.90171082603	6.21888166137	5.2177146298	4.34815475423	5.50429002733	4.34951273965	4.59760622175	5.60617905683	5.54477714583	4.42111821403	4.92028092857	5.11502017603	4.0789640445	4.5005147369	4.86429768717	4.75883211017	5.343474519	None	4.699392097	4.9563444784	3.9171567304	4.17985662035	None	5.00683817377	6.22064724217	7.5310607952	5.05821709503	7.54632399207	6.8793447435	2.62485374143	4.16431061163	5.4472603724	3.93424542443	3.6158558666	6.6387790294	None	8.036680379	7.47668992147	7.83669933627	2.85901405395	None	None	3.76362430373	8.36609994307	5.7206337601	7.74582529967	6.1698224883	5.80418612063	7.22106401203	7.50408591	7.2164415044	4.14795688943	6.94162503633	5.06504117327	6.39254094257	6.29267994767	3.1481093665	7.30140174247	4.63875936155	6.1817043998	3.8190276186	5.27433942993	4.9106110385	5.48805210257	3.8795514775	4.61601240757	5.02686721373	5.20969909753	5.56932585417	5.85026852527	5.6864270806	7.9524962871	5.80108577163	None	6.57910543013	5.04647308913	5.0043798534	5.43127584353	None	6.12939123297	5.88020540973	7.81259874973	4.26900706887	5.70190901843	6.98682932987	5.5976972927	5.24122148287	7.2814632135	4.91623410817	7.38606822317	7.54796901443	6.87997306653	7.37046600033	None	7.0948395377	6.81254378787	7.30392942577	7.96283181953	8.26531376127	7.11607972383	6.8648488529	6.8768400434	7.8176646241	8.82826589853	7.56443994843	8.32900930563	7.99316189553	None	9.37598164613	9.16570842243	8.4978942774	None	4.93954506183	4.71616316297	3.3343378147	4.40250759477	4.0086796588	4.64462401877	None	2.58274700253	None	None	2.8584910768	3.31441256093	2.648360011	2.4955443375	7.13430705087	6.06408153263	3.1460094602	6.6201303743	None	7.66989766073	8.87126606753	8.30083829727	8.32918843527	9.0552855114	6.86077961613	8.19596381923	None	7.46487370783	8.3062663851	8.66107397197	7.81923517723	9.2022079501	9.10486382113	8.5157770444	7.51623160837	8.6939148776	9.15893782433	7.84077572637	8.93689570533	8.29937753453	8.99206695383	8.92801052087	8.21599190913	None	8.17488618067	8.81678163367	8.27027410343	7.67166295717	7.98203751963	8.70784914217	8.20720104563	7.92577755307	7.95013949823	7.98876490083	None	7.95794881923	8.5581415237	8.6307934243	8.16690701857	8.35146158387	8.87456012403	8.71123603473	8.22703589293	7.9229808688	8.09152944243	9.03745303103	8.93693447473	8.6961754681	8.1591655957	7.71792127647	8.8160504992	8.92186283557	8.7603920483	8.5397323469	8.02780885643	7.3701290596	7.97581203973	8.41362429103	8.51572424673	8.40352970163	8.23580985567	7.93101969503	7.2833514035	7.3459448976	None	6.8335690643	7.3312692656	7.6614526227	7.99147546787	7.806127957	7.77930102827	7.45032214117	7.10780621573	6.7745380595	None	6.55733748635	7.38420970443	6.88001741257	6.70108464347	None
Equus_caballus	6.0672194803	4.65070286997	5.29145297317	5.375907529	6.6515497716	6.20442875323	4.70176851427	6.02142633493	6.24773041857	6.52233078377	5.9394416684	5.23611808693	6.34143517673	6.6260058642	5.82561600087	5.45564701733	5.18171361637	4.90943257933	6.4970815023	3.10018119943	5.06641011563	5.27086843233	4.5273640193	7.0765336099	3.8021193722	6.53544065443	6.36256464773	5.99794745633	None	2.14974275355	5.4392930379	3.73220929333	5.71878044203	6.35524926577	None	3.4891578803	6.0338929898	None	None	6.26021619437	4.64377997577	4.9250891817	4.0757658782	3.85822086337	4.63692229167	4.1042228562	5.94499327123	7.768666945	5.77942549593	4.23409536073	7.92062882497	5.8060070861	5.00292801327	4.22008029847	5.04277316593	4.2954941012	None	5.21030236597	5.3160929471	4.42312035897	4.7080162537	5.5009463166	4.19572544903	4.43964672163	5.1715201463	4.6230442924	5.8254590589	None	4.94281392083	4.84880479133	3.69495656213	4.5865197925	4.0415193868	5.21514232493	6.0316612694	7.66454643723	4.66733880147	7.6900487627	6.80945448393	None	3.917584996	5.0502995202	5.7562772833	4.7381468977	6.4956704381	3.5283214502	8.1944280667	7.76677137923	6.8992868488	2.2695129442	None	None	2.89527698165	8.33655628243	5.85280424053	7.6786384371	6.43271494107	5.97918965513	7.46552887257	6.6548336368	6.37059095437	3.76385222117	6.61145604843	5.16197896867	6.45765444137	6.19408384107	None	7.2251056983	5.7704069607	6.41153489837	3.63594523687	5.44722120343	5.40524421917	5.50522014217	3.7613269481	4.9679760894	5.15927595507	5.2811170297	5.6164692746	6.08988316853	5.6780360208	7.89508761357	5.75379740453	None	6.32988270427	5.01135729183	6.17996458543	4.36382969657	None	6.11969271557	5.8258455838	7.86385093067	4.30748898423	5.467128118	6.9147687426	4.90349595533	5.3536662985	7.61935475903	3.3604040547	5.01072659887	6.76010880233	5.55037722153	7.59848446887	None	7.0009793037	6.64286731233	6.91966993077	7.59715629243	8.5029788455	6.56318374287	6.59374176403	6.41428910787	7.4509288049	8.54032221163	6.77487267685	8.24647528517	7.3782113458	6.13402064073	9.3994552677	9.07624455857	8.62162092823	8.54466002953	5.1203372365	4.58441548733	4.37407209253	4.72792070243	4.52540597433	4.43129065493	None	2.92801092803	None	None	2.82911946697	3.2007478621	2.74236909215	2.8558934948	7.17887071093	5.95198012747	3.038490727	5.971898372	None	7.3142625848	8.50904798853	8.61188708957	7.81966249717	8.7440252349	None	8.15463207267	None	6.77645108027	8.38836655687	8.2616708432	8.0064446588	8.85479947503	9.2305220319	8.45921024373	7.47146360433	8.8432994801	9.22769800747	8.2787692172	8.8702591945	8.18792221593	8.80648648127	8.34572177053	8.31733843663	None	7.57364909187	8.32183005247	8.07694173967	8.27793667063	7.7911728538	8.309748757	7.7718932596	7.77474966753	7.57906810583	7.71172854377	None	7.63033843623	7.980446973	8.02093588543	7.86121715163	8.07449952733	8.48434233567	8.4009239312	8.12248932923	8.11709099997	7.9676640432	8.84227458963	8.8480538003	8.64087292087	8.29806321597	7.91519852617	8.37945269043	8.82030547457	8.80538149543	8.76426710297	8.4175422512	7.8495952147	7.65002607753	8.11102038707	8.44376596537	8.51327613767	8.45999428333	8.214832319	7.71713700627	7.2895660832	None	7.0608977699	7.4964228291	7.60981704243	7.78788013573	7.74661088497	7.72519158023	7.51444409607	7.350322759	6.8705344745	None	6.62786083285	7.4225058606	7.1523485837	6.83806184233	None
Tadarida_brasiliensis	5.9156224662	3.936463474	4.2157432826	5.496976671	5.6867345552	6.0135222791	4.3237057576	5.9654430132	6.0970548695	6.570597807	6.0400304195	5.4126688244	6.4516673335	5.5620917336	5.506113856	5.2711094241	5.1145242501	4.86101438	6.2740751406	2.9580858485	5.2631506183	5.450523151	4.6648299411	4.2949729747	3.8555797225	5.7539421416	4.6543113352	5.1947806645	3.933689709	3.4159744114	5.4445225694	3.1931245984	5.977398906	6.0722579877	None	3.9702538696	5.9214773396	None	None	7.2916276182	3.5234863323	5.5662229437	2.8388490907	3.878923734	None	4.4016761958	6.3390702477	7.9581698869	4.8319465206	4.0228406109	7.4962648903	5.829628568	5.6932123481	3.6077766037	4.8855873562	4.5798864437	4.3490054009	5.1703761428	4.5115357863	4.2752191868	4.8130269265	5.0934006704	4.0311659997	4.7795604188	4.6700323653	4.302114377	4.8553434641	None	4.5649972798	5.1614279008	4.207822799	4.5298664832	3.9431976301	5.467519314	6.4539343259	7.8463993689	None	7.5352281479	6.8535064473	5.4947346577	4.2046354014	5.6720784529	3.8298824464	4.4578970287	6.2380897814	4.2032505239	8.1027891979	7.8467880616	5.9245583857	1.8260748027	None	None	None	8.3162021863	5.5246440341	6.6572273366	5.9081036374	5.5454011416	7.1098260951	7.8623856893	7.5933213852	3.6979264448	6.6837813839	4.7386854471	5.7227975747	6.6268299303	3.1556396338	7.3633678039	5.2172127545	5.8844758956	3.6694098673	4.9339426027	5.762384434	4.4483197649	3.9463539972	5.0083531498	4.8169567989	None	5.4127225571	6.1311388793	5.2032831601	7.834635515	5.7049205777	None	6.063461714	4.9919124274	6.8505752354	4.8236176661	None	5.9310014692	5.9185115705	7.5543158559	4.1058506744	5.6153207628	6.88766939	4.5302125091	5.4315294079	7.0495127776	4.365356928	4.1976388756	7.7274779951	None	7.0655843825	None	7.1795400719	7.1456011652	6.9665099053	8.1217077549	7.5681926273	7.2961533425	6.8302091207	7.0986391233	7.6781472493	8.4866044296	7.4321282855	7.4185448258	None	6.2463163555	8.9051182648	8.8976270187	8.4214171319	8.228175114	6.5345118124	6.7244725686	4.4394748033	5.1340973839	5.1862724471	3.7243578042	None	2.9523080097	None	None	3.8049567999	3.7095243559	4.627990218	3.714916248	6.390744576	5.2882894776	3.5420781463	3.7236198355	None	7.8356476725	8.9615006557	7.8566104369	8.4036457958	8.3049214761	7.8471719055	8.0502462879	None	7.8770883978	8.2596074307	8.6924155943	7.8888841476	9.2882807307	8.995926932	8.566742194	7.8059684143	8.6326218738	8.8250951638	8.5845388478	8.941766176	7.2173732508	8.4946847026	8.8700952054	8.8939506723	None	8.2447259345	8.4585049119	8.7867521481	8.2345371654	8.8719780793	8.0515688788	8.1214970688	7.2486079029	7.568454234	8.1665912762	None	7.2701252179	None	7.135252392	7.3820279449	7.4048256633	7.7935677762	7.5259308486	7.3054601874	7.78659979	7.0199128743	8.5939178215	8.5021702954	7.8812797343	7.6631997657	7.5760922333	8.041955056	8.9909701264	8.6422380642	8.3937362677	8.037580904	7.6718193119	7.1119232007	7.8833179626	8.3591852761	8.1848900794	8.3112003126	8.3196403585	7.8537065326	7.5011637543	None	6.6982960647	6.9003559844	6.7577399874	7.4450260045	7.6660258071	8.4641926816	8.386932382	7.8862278636	7.6541538443	None	7.4697688963	7.372620302	7.7422802032	7.4537379654	7.2190123109
Mus_musculus	6.1453737788	4.57213775467	5.7216734614	5.56816747107	6.01988135933	6.4991821193	4.33775807473	6.30687061043	6.6093005033	6.85066429973	6.42719189043	5.75358799863	6.8318369444	6.8193799137	5.89934848023	5.83788957533	5.31848855277	5.2956469095	6.7640616564	3.23093901545	5.57876177617	5.57489774517	4.8528120033	6.2764234092	4.5012014602	5.9210743645	5.50576162107	5.42486926383	4.4959049436	3.2815447463	5.59898877787	4.10857194367	6.23347760087	6.29417865297	None	3.83994042553	4.81560652993	None	3.994449137	6.82800577783	3.6731131042	5.4204263676	4.2631150762	7.33080144343	5.9287520281	4.4375629023	5.8576713677	7.61951683257	5.54492308013	5.44995651227	7.69455119233	6.2384341573	5.1677066967	4.01490414477	5.87263451433	4.41987301973	4.63778917373	5.53075874117	5.03944408483	4.14782387907	5.29060876743	5.4181736478	None	5.28110962957	4.72514025227	4.43394522987	5.23593775803	None	4.8597546295	5.7676847249	4.6763186353	4.61665386417	4.17750963653	5.51068151337	6.35546804243	7.97151001553	5.0964518811	7.75951252187	6.78332700157	3.7674691671	3.69928937507	6.1036575571	3.9320017651	4.19900548157	5.63306443263	3.8844184979	8.18294423593	7.7869608542	5.89969498167	2.4199557485	None	None	2.9248569821	8.3450395594	5.81685117827	5.99793706597	5.9257261661	5.52834170773	7.13994377517	8.2233885629	7.90457025797	3.38793355533	7.07813983803	5.6377966987	6.38640462987	6.42046228133	3.64658019557	7.3541974768	5.04654617257	6.59625101947	3.51719610367	4.71027334113	5.58747021637	4.40106026037	3.78287971357	5.48928451537	4.94195923323	5.14874710787	5.5403392605	6.38744149507	5.03282981073	7.80202157873	5.83018075957	None	6.25174960077	4.97672116033	6.565053965	4.05905739937	None	6.34306957287	6.0875411602	7.824672958	4.26806535517	5.5449741707	6.77835896923	4.7472929484	5.45710851793	6.84843357317	5.5240691903	4.48991201567	7.5463158849	None	7.16969231703	None	6.951223969	7.3013411769	7.08139446007	7.96087665537	8.12118074453	6.95855905673	6.77323391553	7.33830015997	7.04835636955	8.20756843667	7.15902765747	7.4045025726	6.46164762723	6.366435659	9.1483010563	9.0419971047	8.59652565577	8.48205752933	5.05742751913	4.71833446917	4.4975452616	4.10615291767	4.3211647821	3.09286981613	None	2.88536122	None	None	3.09104754653	2.82168126367	3.26023500487	3.1398442603	7.01151199227	5.5855421242	3.16408865617	5.07336608303	None	7.74037971637	9.0064211968	8.8104582548	8.21692251977	8.79189771857	7.80991442677	8.64142327767	None	8.6626257584	8.37415892733	8.1961669996	7.68403116697	9.07195936577	9.20059505683	8.51334743327	7.3179708491	8.81651245473	9.0090221425	8.59065094963	9.02536293283	7.90467800273	8.8579151031	8.80913810043	9.04589481873	8.1874342131	8.22019752983	8.50340288423	8.0793989078	7.85368240093	8.39878709007	8.40383591923	7.92362118857	8.04090508593	7.65828768057	8.0242637439	None	7.1159256687	7.39950086063	7.25065217627	7.4057311682	7.69515837637	7.97038687497	7.9651129994	7.570866058	8.01736701513	7.35231517437	8.5206860767	8.66958639193	8.46357787773	7.98918239	7.5274588768	8.09078626963	8.881699631	8.9141946088	8.83461730917	8.33178635763	7.63512448743	7.52835276863	8.11472801553	8.52342839447	8.6107879903	8.6449017876	8.4073540365	8.18024962997	7.75712508343	None	6.78865936753	7.43389034393	7.62754431487	7.87287716567	7.96078748457	8.32715508043	8.40589081603	8.45128766143	7.81810658973	None	7.8489609201	7.41883967037	7.90853180063	7.97253405947	7.3944409706
Acomys_cahirinus	6.11172266447	3.70422905797	5.1786227839	5.1399496598	6.30138368593	6.10379354063	4.58407109643	5.9231348937	5.978443159	6.29563696237	5.89834024527	5.13297016917	6.20564805993	6.31051355483	5.5294141817	5.44623187843	4.85612322363	4.5071505758	6.24483889623	2.7831987099	5.2625696198	5.13692244117	4.393308095	6.25199718983	4.3505042319	5.8184602884	5.29164254697	5.7432440038	None	2.45274335563	5.13203930253	3.65808855267	5.62753789453	6.26449944243	None	3.18705062637	5.05738755127	None	4.0868223571	7.12182606773	None	5.7176830585	2.6803355134	4.07438899493	None	4.01402816113	4.73006482727	6.93740689257	5.26377496447	5.37466382253	7.80958480737	6.17820501047	5.84338592657	4.15419936543	5.44154793667	4.62709697413	4.4779311821	5.52758437373	5.4066448553	4.17861678557	4.9355658492	5.20946703157	4.1440758062	5.99693116723	4.60079197677	4.35306383407	5.29327183607	None	4.32413660095	7.12987383127	3.95582827627	6.28251496477	3.8919743461	5.54802252227	7.06937007273	7.8495234586	5.2890852858	7.84446545817	6.7784844645	2.88974280437	3.99987367343	5.6329489243	3.83482951603	3.004534925	6.21307822023	3.59020164517	7.1293890498	6.3670344157	4.88911588655	None	None	None	2.1522883444	8.31016810067	5.85628056983	7.5631305002	6.57147145337	5.7069736572	7.46494323487	8.2400252495	7.9358258291	3.2119446977	7.04131094753	5.48464342593	6.84817554563	6.16534420347	None	6.7430297454	4.64613547923	6.96589092327	4.3986833096	4.88942486617	5.87440117713	4.4363663026	4.7489885762	6.49498145447	4.67972938333	5.42172606123	6.31753283587	6.3334309773	5.66408679523	7.8878748044	5.7784993258	None	6.47767699287	4.97367789443	5.30527995853	4.2243228486	None	5.14473587593	5.5111078478	7.49254600237	4.778177296	5.45928199063	7.02205808423	5.0177682662	5.55907186	6.6820569296	5.6695921971	6.256229804	7.67230498343	5.44202145607	6.9365538176	None	7.48105667307	6.90551407973	7.4446697491	7.73410146843	8.25892535247	7.1278069855	6.79181412193	7.57028786513	6.75296491993	8.3208690025	6.9771509218	7.9673430688	7.4604025609	5.8399259379	9.2033848547	8.85689391113	8.49587493917	8.17294270507	4.53038777947	4.63751210173	4.37251012043	4.48342558303	4.96463373503	4.47080726617	None	2.5096355593	None	None	3.48391304543	3.55339300013	3.9203623146	3.38751931443	7.05578659143	5.47636076723	3.07295621137	5.38112928277	None	7.0959570509	8.63040726727	7.60419362337	7.59005730233	8.58607212607	6.9736844635	7.442554708	None	7.52134710747	8.37277130187	8.50767320937	8.5220129338	9.0930030859	9.1761424802	8.59708482457	7.93714067967	8.6716702803	9.04638578907	8.4018019984	8.80177886797	7.7879743866	8.6456706668	8.64341008827	8.96864199137	None	8.0287875496	8.32903074833	7.65682963867	7.4106844214	7.55178521607	8.16109246453	7.64297663543	7.60461724997	7.64926979397	7.78126970347	None	7.19984849633	7.71676927673	7.5012209086	7.36645250007	7.7664217075	8.16674138723	8.02955893693	7.74350172147	7.8741216575	7.79278865927	8.4720106699	8.6072877019	8.35672849983	7.95385188747	7.6882454549	8.52668824893	8.9333452906	8.85539735457	8.63041839067	8.11055978443	7.4852362398	7.73880585233	8.20947516607	8.50448134437	8.41347672593	8.2429151623	7.98910666743	7.66558898457	7.68117618083	None	6.8187441718	7.03816994223	7.11651278507	7.2395996595	7.20903076053	7.5074076308	7.62642568223	7.78045179773	7.44723336473	None	7.1010319482	6.8260127648	7.29217597637	7.12868683733	6.72534075123
Mesocricetus_auratus	6.37055088337	4.27120546237	5.26898794217	4.77168817513	5.2818556964	6.47156928	4.36078941283	6.31994194767	6.1659565038	6.60278417283	6.02364486843	5.21513413153	6.45170637393	6.77398187733	5.38878744283	5.45109051173	5.02980957903	4.9624077517	6.32386201387	3.15163017957	5.96306467887	5.10046763207	4.513935468	5.62907462367	4.50349703133	5.79331649447	6.088694028	5.6631021258	5.0731640554	2.8470203787	5.77851273397	4.19549257047	6.06853358673	6.4955441901	None	4.2290506133	5.08454333897	None	4.55155958395	7.234494194	3.8874510842	4.36001275007	3.60714660815	7.46471474933	5.80897042947	4.42241530093	5.22453200167	7.54819041953	5.9203718188	4.46056714613	7.61323542213	6.36966569733	5.3320285856	4.01287090313	5.5486891247	4.20068992753	4.35699594783	5.37175579123	5.44448028097	None	5.64323580187	5.2584593924	3.93459832305	4.8966389782	4.35341339697	4.57828128707	5.2422606782	None	4.95908592283	5.8053893647	4.49533169837	4.46921853713	4.72436097537	4.84104670703	5.730685027	7.73667606893	5.02716011877	7.89183097503	6.8822691618	3.27585270863	4.3415578417	5.7743975204	4.1004067488	4.10231573277	5.42743609537	3.66969170737	7.96582052407	7.80737107017	7.0875943828	2.88573861995	None	None	2.2581685103	8.37961442093	7.06243872167	6.47062098283	6.6231935864	6.90981300497	7.5489528514	8.24600766287	8.06616815973	4.0489284096	6.36684304817	5.18436904557	6.91412158503	6.29405426867	3.89383806967	7.48319978543	5.41455618133	5.68478880097	3.65134820067	4.80236720023	5.793140314	4.53121706307	3.77101528493	6.63555364293	5.20420843393	5.8696351159	5.5875256698	5.405673944	5.68860900647	7.85460648563	5.8594831827	None	7.03090938453	4.9631412907	5.2449666765	4.25827758153	None	6.01816372523	5.90021004157	7.96191792337	4.76107700667	5.99163025617	6.8552056138	5.19295378303	6.14324727647	7.74395775283	4.55601868347	6.55637346833	6.9846997229	6.2399506923	6.74800102167	None	6.83076852973	6.5883574034	7.16414144567	7.7611402909	8.15900336643	6.55425391257	6.5373679556	6.9615972121	7.16674959233	8.63342973233	7.57976346737	7.6708307346	6.5592266457	None	9.24019566313	9.0717696757	8.60330489237	8.47294498927	4.85063057207	4.36946319117	4.2739625803	3.4167211454	3.89471357393	2.8010555792	None	None	None	None	2.58955173915	2.50972431875	2.89357062997	2.5763413502	6.9757100364	6.12866136383	3.2404893547	5.94371148903	None	7.50786843267	9.12861063217	8.32420179983	8.30189295553	9.01886240477	7.11942084213	8.2224950593	None	7.8791315022	8.365586225	8.44803141383	7.69543579533	9.23535672307	9.18452952697	8.23660149003	7.43417072937	8.61740175467	9.09633479313	8.51657618687	9.03137943803	8.11574776903	8.91066561363	8.83531392253	8.97705176097	7.98492075807	8.4283420934	8.6723522565	8.2969792308	7.8051583378	7.86093548047	8.6491896268	8.09921049717	7.71836924157	7.7050758556	7.82067784037	None	7.52197170023	7.7373876342	7.47905257707	7.45432008513	8.0216617797	8.31647332143	7.87324342027	7.4578058821	7.94629453663	8.12908287577	8.8489344726	8.67415375717	8.03653066683	7.6647015003	7.3790884756	8.8674091019	9.0168314244	8.7723446383	8.44041344297	7.66663741787	7.25878902743	7.90633147373	8.14876094597	8.15637796587	8.17380755317	8.31504634603	8.09662038413	7.58476325157	7.26185315043	None	6.88269551427	7.0330342436	7.0595703263	7.42116520117	7.2659966579	7.7113080378	7.67257673027	7.73245495823	7.30283639487	None	7.18348236713	6.9497642489	7.07992301103	7.1311867036	6.8163800077
Cavia_porcellus	5.9196792793	4.57920968947	3.1003705451	5.25116645323	6.43756180277	6.05977629737	4.66180813873	6.111980306	6.18918205457	6.4181059975	5.8903444402	5.29815722213	6.09869934633	6.50682216593	5.3271894845	5.33702817733	4.86615036037	4.91788153033	6.2980977761	3.1733224779	5.22553543687	5.2853741802	4.64685447723	6.14399667697	4.12383687633	5.76032790403	6.22967828547	5.78765230163	4.9852569582	2.10034449	6.0557580947	4.42684305023	6.02017965927	5.92031047983	None	4.36388285283	5.85767687727	None	3.928202787	6.79139810127	3.823278557	4.94680731823	3.94854649655	3.87953405823	4.86968955723	3.85398989	5.11220427183	7.22431803583	5.71823930147	5.60613900687	7.66948564727	6.10938569843	5.33950282273	4.28219384597	5.60861770057	None	5.02136702063	5.10544374567	5.12895122417	3.8526899314	5.17374530943	5.33873206527	4.2616196765	4.8377821842	4.32577206403	4.3418193485	5.50713706113	None	4.93542464057	4.88227322157	3.81775268193	4.7099490649	4.31549027807	4.48516335187	6.05256196657	7.94509167577	5.78911955073	7.52856420447	6.61886585813	3.79729278693	4.0511163527	5.487156882	3.35973388437	2.7604224834	5.93690119247	3.6714530347	8.0812281593	7.70620436143	6.6111707144	2.1818435879	None	None	2.1303337685	8.32534430367	6.0706179824	7.00202878633	6.15331509267	6.00957845427	7.1048801957	7.23164453803	6.84888106613	4.0606688578	6.68922855827	4.44921436743	6.581171283	6.39847665557	2.4711727154	7.2670096423	4.58277197577	6.15605616677	3.768648232	5.1298889007	5.19919818993	4.80324288393	4.1826195417	6.2674867447	5.21975308333	5.51670703483	5.9206333666	4.8616177351	5.13273538887	7.89474699123	5.74727784477	None	6.52389475153	4.2432613427	5.4646156216	4.4114559196	None	5.0502211506	5.26182032577	7.8171825563	4.51316389383	5.5744140048	6.9404954922	4.6539518073	5.5051084716	7.56877748077	None	5.07520654643	4.71882522257	7.01127981273	6.6870160308	None	7.18409559833	6.65304029795	7.1427042041	7.70773245113	8.53678985543	7.26112651383	7.02889252803	6.88771493247	7.15659979437	8.39759988793	6.50738982577	8.13412034327	7.10003442617	5.9945261094	9.420630082	9.15967407957	8.3084891267	8.19322117087	4.81269591867	5.58488017587	4.29963379243	4.36694764453	4.406608484	3.4944980597	None	None	None	None	3.55112775097	3.86911814293	3.2530435811	3.77141842473	7.219810204	5.01782915277	3.03668308847	6.25200554123	None	7.087522183	8.27565179367	8.30591639263	7.47411866283	8.69508827133	None	7.98849105317	None	6.97086892427	8.1896033086	7.9069819345	7.50210725103	8.96456175637	9.2053182221	8.42062286443	7.18203501793	8.7920349844	9.28893022803	8.61292085443	8.88887181897	7.9309609207	8.9131806558	8.45115078877	8.36276500507	7.5747038221	7.68744420833	8.43078742077	7.5212427396	7.90091586347	7.72793076593	8.27470173707	7.8254341772	8.1758031804	7.6728544041	8.05780976827	None	None	7.29450375693	7.1262458614	7.19832679947	7.4711577288	7.56269135157	7.70095453513	7.5799306903	7.7649643973	7.3157743024	8.33856103663	8.49872804433	8.19514517287	8.02188659157	7.7223822548	8.00490631223	8.70009956433	8.8692832461	8.92500601773	8.51473588423	7.8015567655	7.3979717865	8.02295855043	8.5178022613	8.72153313133	8.67468445097	8.62483406857	8.294341477	7.79752906403	None	6.2783348764	6.94919368255	7.13663789393	7.6675422244	7.85754428363	7.9371751547	7.7521654773	7.6445104878	7.24286691553	None	6.74689932143	7.19190127713	7.0031267307	6.95897926	6.5694429698
Suncus_murinus	6.18710924547	4.5171912271	5.41737609593	5.5607583204	5.8173119062	6.23893791247	4.36164329127	6.3128809188	6.5876990816	6.90593396833	6.3955622002	5.68169649593	6.8781253493	6.85474428827	5.74267881727	5.60582227407	5.06030039353	5.27188826647	6.56678398633	3.17909300053	5.36133238143	5.50287668553	4.8116557551	5.7007620824	4.03863750097	5.76830591543	5.95569504933	5.13094317017	5.68501984233	4.01113583483	5.40731748547	3.91741433027	6.23961469147	6.28670844653	None	3.8213979119	4.81796017527	None	4.19041235877	7.1670451431	4.10801101643	4.95353790727	4.1624847562	6.8718200806	6.58992862817	4.66014698873	6.88005467353	7.88053567857	5.23822645097	4.75676303327	7.17658539667	6.57895315637	4.8525979763	4.3477429566	6.1623903918	4.27389456653	None	5.31990407657	5.44970372563	4.24356876193	6.42090634287	6.22597676237	5.7258335271	5.60977114297	5.35735966937	4.79234110607	5.82623891247	None	4.667937989	4.92290709123	6.0444040711	4.42606264173	4.0278474256	5.59100471327	6.61787323413	8.00069292983	4.3264224576	7.95772460143	6.94210469847	4.74349200943	4.6924367495	6.18914184337	5.03045191507	4.93015209203	6.63602841403	4.17553120973	7.79512587757	7.82335278853	5.60098629557	2.7450747916	None	None	2.4538740273	8.33055741367	6.2433321075	6.11166759753	6.25661298577	5.82902050547	6.87553642413	7.75189796053	7.52255290863	4.20563955163	7.49967725763	6.18528803197	7.33979770577	5.69432344337	3.0409976924	7.56129156703	5.32654526833	7.01081271137	3.66627249993	4.97812031927	5.43258256357	4.65076192737	4.20736800393	6.34909942507	4.49985390777	5.44149657167	5.47187944817	6.3059551387	5.23708784607	7.92260744827	5.86595055353	None	6.54692389233	None	5.2364134763	4.01038622743	None	5.5044329455	5.4167673113	7.7349307519	5.48387172273	4.9410319229	6.9806353328	5.04311328117	4.74463324733	7.09435587863	4.67904351113	4.92616739837	7.8176012409	5.18533217327	7.2932481416	None	6.3937247355	6.54333595553	7.02483686117	7.81063481473	7.25500330897	6.2259537823	6.3915518614	6.91043334393	6.98157095723	8.24214865263	None	8.06954454127	7.0368524172	6.0952230681	9.24867846083	9.1363933993	8.6079154621	8.2758003665	3.95063396923	3.0102722215	3.36896167027	3.47703193767	3.5048100369	2.51507980193	None	None	None	None	2.5838380944	2.7585887085	2.8930371905	2.264817823	6.89484236263	5.93647636083	3.3462937798	4.59708688827	None	7.7877171443	8.62798224967	8.64132311453	8.29662858243	8.8453406286	7.58801575897	8.7800130428	None	8.49748316813	8.08511114183	8.21261217977	7.92426842057	8.96178800517	8.87434929177	8.34861746757	7.90477679	8.75445119923	9.12941847747	8.2434185781	8.84030464037	7.90695251123	9.04181198563	9.00705073893	8.8138126164	8.37187211633	8.32737631413	8.5206364272	8.6329133638	7.94315505653	8.53225346073	8.4282942989	7.33224329183	7.14479525443	7.84315190027	8.22593639513	None	None	6.90724426693	7.10724630035	None	7.0598915137	7.58163327047	7.3646008498	7.34829569137	7.89251125573	6.99305749807	8.02107768057	8.25148812487	7.73887711483	7.6255696685	None	8.22103507983	8.72354081297	8.58461430877	7.94742593437	7.201728097	6.8487742445	7.84617561043	8.4945447642	9.00550762863	8.62917300217	8.04781925387	7.1965562521	6.89894427577	7.00841689767	None	6.4191992856	7.29214668067	7.94458827633	7.61517412333	7.37672977567	7.205676453	7.10592809767	7.5285476608	7.38209232	None	6.89654854625	6.6332088113	6.79329490995	6.72509061613	6.7438325435
